{
  "deduplicationId": "7578b546-208b-41cb-9514-494aec25194e",
  "time": "2025-08-15T12:24:00.312778975+00:00",
  "deviceInfo": {
    "tenantId": "a3a0684b-09a1-4620-a9b7-40010696af65",
    "tenantName": "QDPS",
    "applicationId": "d6195947-2502-4124-9767-079a84c9fac7",
    "applicationName": "EMS",
    "deviceProfileId": "3a52cbb6-7753-4553-95e1-dd1473948853",
    "deviceProfileName": "ADW300-923",
    "deviceName": "Genset",
    "devEui": "00956906000301b6",
    "deviceClassEnabled": "CLASS_C",
    "tags": {}
  },
  "devAddr": "01db6e31",
  "adr": false,
  "dr": 4,
  "fCnt": 151,
  "fPort": 10,
  "confirmed": true,
  "data": "LQAAAAAuAAAAAC8AAAAAMAAAAAAxAAAAADIAAAArMw8IBg80AAAAuzUAAACfNgAAAM43AAAAADgAAAAAOQAAAAA6AAAAADsAAAFVPAAAAAA9AAAAAD4AAAAAPwAAAABAAAAAAEEAAAAAQgAAAABDAAAAAEQAAAAA1g==",
  "object": {
    "data": {
      "IaTHD": 0,
      "TempA": 0,
      "IL": 0,
      "EPG": 0,
      "EQCc": 0,
      "RD": 0,
      "EPIc": 0,
      "EPEc": 0,
      "IcTHD": 0,
      "UaTHD": 1.87,
      "EPF": 0,
      "TempB": 0,
      "CUB": 0,
      "UbTHD": 1.59,
      "IbTHD": 0,
      "EPc": 0,
      "VUB": 3.41,
      "EPP": 0,
      "EQLc": 0,
      "TempC": 0,
      "UcTHD": 2.06,
      "EPJ": 0,
      "MD": 0.043000000000000003,
      "MDTimeStamp": "8-15 15:6"
    }
  },
  "rxInfo": [
    {
      "gatewayId": "0016c001f11a04ba",
      "uplinkId": 52386,
      "nsTime": "2025-08-15T12:23:57.906965961+00:00",
      "rssi": -77,
      "channel": 1,
      "location": {
        "latitude": 32.18811629520134,
        "longitude": 74.18201621283973
      },
      "context": "G1iKNg==",
      "crcStatus": "CRC_OK"
    }
  ],
  "txInfo": {
    "frequency": 923400000,
    "modulation": {
      "lora": {
        "bandwidth": 125000,
        "spreadingFactor": 8,
        "codeRate": "CR_4_5"
      }
    }
  },
  "regionConfigId": "as923"
}