{
  "deduplicationId": "517e8a9c-47a5-4567-b4fe-bef9215cc863",
  "time": "2025-08-15T20:59:37.380108516+00:00",
  "deviceInfo": {
    "tenantId": "a3a0684b-09a1-4620-a9b7-40010696af65",
    "tenantName": "QDPS",
    "applicationId": "d6195947-2502-4124-9767-079a84c9fac7",
    "applicationName": "EMS",
    "deviceProfileId": "3a52cbb6-7753-4553-95e1-dd1473948853",
    "deviceProfileName": "ADW300-923",
    "deviceName": "Genset",
    "devEui": "00956906000301b6",
    "deviceClassEnabled": "CLASS_C",
    "tags": {}
  },
  "devAddr": "01db6e31",
  "adr": false,
  "dr": 4,
  "fCnt": 1149,
  "fPort": 10,
  "confirmed": true,
  "data": "LQAAAAAuAAAAAC8AAAAAMAAAAAAxAAAAADIAAAArMw8IBg80AAAAvzUAAADLNgAAAMk3AAAAADgAAAAAOQAAAAA6AAAAADsAAAE9PAAAAAA9AAAAAD4AAAAAPwAAAABAAAAAAEEAAAAAQgAAAABDAAAAAEQAAAAAAg==",
  "object": {
    "data": {
      "EPc": 0,
      "TempB": 0,
      "EPIc": 0,
      "EPG": 0,
      "VUB": 3.17,
      "EPJ": 0,
      "EQCc": 0,
      "IbTHD": 0,
      "EQLc": 0,
      "UaTHD": 1.9100000000000001,
      "MDTimeStamp": "8-15 15:6",
      "UbTHD": 2.0300000000000002,
      "IaTHD": 0,
      "EPEc": 0,
      "RD": 0,
      "CUB": 0,
      "UcTHD": 2.0100000000000002,
      "TempA": 0,
      "EPF": 0,
      "IcTHD": 0,
      "EPP": 0,
      "MD": 0.043000000000000003,
      "TempC": 0,
      "IL": 0
    }
  },
  "rxInfo": [
    {
      "gatewayId": "0016c001f11a04ba",
      "uplinkId": 8710,
      "nsTime": "2025-08-15T20:59:34.942433989+00:00",
      "rssi": -69,
      "snr": 14.5,
      "location": {
        "latitude": 32.18811629520134,
        "longitude": 74.18201621283973
      },
      "context": "T1ef9Q==",
      "crcStatus": "CRC_OK"
    }
  ],
  "txInfo": {
    "frequency": 923200000,
    "modulation": {
      "lora": {
        "bandwidth": 125000,
        "spreadingFactor": 8,
        "codeRate": "CR_4_5"
      }
    }
  },
  "regionConfigId": "as923"
}