{
  "deduplicationId": "17778d9b-20f2-4f9b-9907-f95ceea736a1",
  "time": "2025-08-15T22:51:14.151695296+00:00",
  "deviceInfo": {
    "tenantId": "a3a0684b-09a1-4620-a9b7-40010696af65",
    "tenantName": "QDPS",
    "applicationId": "d6195947-2502-4124-9767-079a84c9fac7",
    "applicationName": "EMS",
    "deviceProfileId": "3a52cbb6-7753-4553-95e1-dd1473948853",
    "deviceProfileName": "ADW300-923",
    "deviceName": "Genset",
    "devEui": "00956906000301b6",
    "deviceClassEnabled": "CLASS_C",
    "tags": {}
  },
  "devAddr": "01db6e31",
  "adr": false,
  "dr": 4,
  "fCnt": 1365,
  "fPort": 10,
  "confirmed": true,
  "data": "LQAAAAAuAAAAAC8AAAAAMAAAAAAxAAAAADIAAAArMw8IBg80AAAA3zUAAADkNgAAANo3AAAAADgAAAAAOQAAAAA6AAAAADsAAAFDPAAAAAA9AAAAAD4AAAAAPwAAAABAAAAAAEEAAAAAQgAAAABDAAAAAEQAAAAA0w==",
  "object": {
    "data": {
      "EPF": 0,
      "EPIc": 0,
      "TempB": 0,
      "EPc": 0,
      "IcTHD": 0,
      "EPEc": 0,
      "UaTHD": 2.23,
      "TempC": 0,
      "EPP": 0,
      "VUB": 3.23,
      "EPG": 0,
      "IL": 0,
      "EPJ": 0,
      "TempA": 0,
      "EQCc": 0,
      "UbTHD": 2.2800000000000002,
      "EQLc": 0,
      "IaTHD": 0,
      "UcTHD": 2.18,
      "IbTHD": 0,
      "MD": 0.043000000000000003,
      "MDTimeStamp": "8-15 15:6",
      "RD": 0,
      "CUB": 0
    }
  },
  "rxInfo": [
    {
      "gatewayId": "0016c001f11a04ba",
      "uplinkId": 55757,
      "nsTime": "2025-08-15T22:51:11.736234533+00:00",
      "rssi": -70,
      "snr": 15,
      "channel": 1,
      "location": {
        "latitude": 32.18811629520134,
        "longitude": 74.18201621283973
      },
      "context": "3oDP/A==",
      "crcStatus": "CRC_OK"
    }
  ],
  "txInfo": {
    "frequency": 923400000,
    "modulation": {
      "lora": {
        "bandwidth": 125000,
        "spreadingFactor": 8,
        "codeRate": "CR_4_5"
      }
    }
  },
  "regionConfigId": "as923"
}