{
  "deduplicationId": "6df7db85-99c6-4416-b2c8-8ee74196bf57",
  "time": "2025-08-15T12:29:10.438065754+00:00",
  "deviceInfo": {
    "tenantId": "a3a0684b-09a1-4620-a9b7-40010696af65",
    "tenantName": "QDPS",
    "applicationId": "d6195947-2502-4124-9767-079a84c9fac7",
    "applicationName": "EMS",
    "deviceProfileId": "3a52cbb6-7753-4553-95e1-dd1473948853",
    "deviceProfileName": "ADW300-923",
    "deviceName": "Genset",
    "devEui": "00956906000301b6",
    "deviceClassEnabled": "CLASS_C",
    "tags": {}
  },
  "devAddr": "01db6e31",
  "adr": false,
  "dr": 4,
  "fCnt": 161,
  "fPort": 10,
  "confirmed": true,
  "data": "LQAAAAAuAAAAAC8AAAAAMAAAAAAxAAAAADIAAAArMw8IBg80AAAAvzUAAACvNgAAAME3AAAAADgAAAAAOQAAAAA6AAAAADsAAAFVPAAAAAA9AAAAAD4AAAAAPwAAAABAAAAAAEEAAAAAQgAAAABDAAAAAEQAAAAA9w==",
  "object": {
    "data": {
      "MD": 0.043000000000000003,
      "EPc": 0,
      "UcTHD": 1.93,
      "EPF": 0,
      "EPP": 0,
      "CUB": 0,
      "MDTimeStamp": "8-15 15:6",
      "EQCc": 0,
      "IcTHD": 0,
      "IbTHD": 0,
      "EPG": 0,
      "IL": 0,
      "VUB": 3.41,
      "IaTHD": 0,
      "EQLc": 0,
      "TempB": 0,
      "UaTHD": 1.9100000000000001,
      "EPIc": 0,
      "UbTHD": 1.75,
      "TempC": 0,
      "EPJ": 0,
      "RD": 0,
      "TempA": 0,
      "EPEc": 0
    }
  },
  "rxInfo": [
    {
      "gatewayId": "0016c001f11a04ba",
      "uplinkId": 49376,
      "nsTime": "2025-08-15T12:29:07.889616113+00:00",
      "rssi": -76,
      "snr": 4,
      "location": {
        "latitude": 32.18811629520134,
        "longitude": 74.18201621283973
      },
      "context": "LdKiVA==",
      "crcStatus": "CRC_OK"
    }
  ],
  "txInfo": {
    "frequency": 923200000,
    "modulation": {
      "lora": {
        "bandwidth": 125000,
        "spreadingFactor": 8,
        "codeRate": "CR_4_5"
      }
    }
  },
  "regionConfigId": "as923"
}