{
  "deduplicationId": "f7e148fc-0450-4a47-8afe-9ef30ea64ae6",
  "time": "2025-08-15T21:44:03.262438541+00:00",
  "deviceInfo": {
    "tenantId": "a3a0684b-09a1-4620-a9b7-40010696af65",
    "tenantName": "QDPS",
    "applicationId": "d6195947-2502-4124-9767-079a84c9fac7",
    "applicationName": "EMS",
    "deviceProfileId": "3a52cbb6-7753-4553-95e1-dd1473948853",
    "deviceProfileName": "ADW300-923",
    "deviceName": "Genset",
    "devEui": "00956906000301b6",
    "deviceClassEnabled": "CLASS_C",
    "tags": {}
  },
  "devAddr": "01db6e31",
  "adr": false,
  "dr": 4,
  "fCnt": 1235,
  "fPort": 10,
  "confirmed": true,
  "data": "LQAAAAAuAAAAAC8AAAAAMAAAAAAxAAAAADIAAAArMw8IBg80AAAAxjUAAAC+NgAAANE3AAAAADgAAAAAOQAAAAA6AAAAADsAAAFMPAAAAAA9AAAAAD4AAAAAPwAAAABAAAAAAEEAAAAAQgAAAABDAAAAAEQAAAAAcA==",
  "object": {
    "data": {
      "TempA": 0,
      "IaTHD": 0,
      "IcTHD": 0,
      "IL": 0,
      "EPF": 0,
      "EPP": 0,
      "EQCc": 0,
      "TempC": 0,
      "RD": 0,
      "VUB": 3.3200000000000003,
      "UcTHD": 2.09,
      "CUB": 0,
      "EPc": 0,
      "EPEc": 0,
      "EPIc": 0,
      "MD": 0.043000000000000003,
      "MDTimeStamp": "8-15 15:6",
      "TempB": 0,
      "EPJ": 0,
      "EPG": 0,
      "UaTHD": 1.98,
      "EQLc": 0,
      "UbTHD": 1.9000000000000001,
      "IbTHD": 0
    }
  },
  "rxInfo": [
    {
      "gatewayId": "0016c001f11a04ba",
      "uplinkId": 38003,
      "nsTime": "2025-08-15T21:44:00.867260602+00:00",
      "rssi": -69,
      "snr": 14.5,
      "location": {
        "latitude": 32.18811629520134,
        "longitude": 74.18201621283973
      },
      "context": "7j5kxQ==",
      "crcStatus": "CRC_OK"
    }
  ],
  "txInfo": {
    "frequency": 923200000,
    "modulation": {
      "lora": {
        "bandwidth": 125000,
        "spreadingFactor": 8,
        "codeRate": "CR_4_5"
      }
    }
  },
  "regionConfigId": "as923"
}