{
  "deduplicationId": "4c48a24a-71b2-47bc-b4d0-992c3c30351d",
  "time": "2025-08-15T21:43:01.261720978+00:00",
  "deviceInfo": {
    "tenantId": "a3a0684b-09a1-4620-a9b7-40010696af65",
    "tenantName": "QDPS",
    "applicationId": "d6195947-2502-4124-9767-079a84c9fac7",
    "applicationName": "EMS",
    "deviceProfileId": "3a52cbb6-7753-4553-95e1-dd1473948853",
    "deviceProfileName": "ADW300-923",
    "deviceName": "Genset",
    "devEui": "00956906000301b6",
    "deviceClassEnabled": "CLASS_C",
    "tags": {}
  },
  "devAddr": "01db6e31",
  "adr": false,
  "dr": 4,
  "fCnt": 1233,
  "fPort": 10,
  "confirmed": true,
  "data": "LQAAAAAuAAAAAC8AAAAAMAAAAAAxAAAAADIAAAArMw8IBg80AAAAzjUAAADONgAAANE3AAAAADgAAAAAOQAAAAA6AAAAADsAAAFMPAAAAAA9AAAAAD4AAAAAPwAAAABAAAAAAEEAAAAAQgAAAABDAAAAAEQAAAAAgA==",
  "object": {
    "data": {
      "UbTHD": 2.06,
      "IaTHD": 0,
      "MD": 0.043000000000000003,
      "IbTHD": 0,
      "IcTHD": 0,
      "RD": 0,
      "EPIc": 0,
      "UcTHD": 2.09,
      "EPJ": 0,
      "EPEc": 0,
      "EQCc": 0,
      "CUB": 0,
      "TempA": 0,
      "TempC": 0,
      "IL": 0,
      "MDTimeStamp": "8-15 15:6",
      "EPF": 0,
      "EPP": 0,
      "EPG": 0,
      "VUB": 3.3200000000000003,
      "TempB": 0,
      "EPc": 0,
      "UaTHD": 2.06,
      "EQLc": 0
    }
  },
  "rxInfo": [
    {
      "gatewayId": "0016c001f11a04ba",
      "uplinkId": 55354,
      "nsTime": "2025-08-15T21:42:58.861962251+00:00",
      "rssi": -69,
      "snr": 16.3,
      "channel": 1,
      "location": {
        "latitude": 32.18811629520134,
        "longitude": 74.18201621283973
      },
      "context": "6oxglw==",
      "crcStatus": "CRC_OK"
    }
  ],
  "txInfo": {
    "frequency": 923400000,
    "modulation": {
      "lora": {
        "bandwidth": 125000,
        "spreadingFactor": 8,
        "codeRate": "CR_4_5"
      }
    }
  },
  "regionConfigId": "as923"
}