{
  "deduplicationId": "7d7a809b-2816-4f88-87fa-7a9aa9791bd3",
  "time": "2025-08-15T12:53:58.341305649+00:00",
  "deviceInfo": {
    "tenantId": "a3a0684b-09a1-4620-a9b7-40010696af65",
    "tenantName": "QDPS",
    "applicationId": "d6195947-2502-4124-9767-079a84c9fac7",
    "applicationName": "EMS",
    "deviceProfileId": "3a52cbb6-7753-4553-95e1-dd1473948853",
    "deviceProfileName": "ADW300-923",
    "deviceName": "Genset",
    "devEui": "00956906000301b6",
    "deviceClassEnabled": "CLASS_C",
    "tags": {}
  },
  "devAddr": "01db6e31",
  "adr": false,
  "dr": 4,
  "fCnt": 209,
  "fPort": 10,
  "confirmed": true,
  "data": "LQAAAAAuAAAAAC8AAAAAMAAAAAAxAAAAADIAAAArMw8IBg80AAAA2zUAAAC3NgAAALA3AAAAADgAAAAAOQAAAAA6AAAAADsAAAFpPAAAAAA9AAAAAD4AAAAAPwAAAABAAAAAAEEAAAAAQgAAAABDAAAAAEQAAAAAHQ==",
  "object": {
    "data": {
      "UaTHD": 2.19,
      "TempC": 0,
      "IL": 0,
      "EQLc": 0,
      "IaTHD": 0,
      "CUB": 0,
      "RD": 0,
      "EPJ": 0,
      "TempA": 0,
      "IbTHD": 0,
      "EPP": 0,
      "EPG": 0,
      "MD": 0.043000000000000003,
      "EPIc": 0,
      "UcTHD": 1.76,
      "EPF": 0,
      "IcTHD": 0,
      "EQCc": 0,
      "UbTHD": 1.83,
      "MDTimeStamp": "8-15 15:6",
      "EPc": 0,
      "EPEc": 0,
      "VUB": 3.61,
      "TempB": 0
    }
  },
  "rxInfo": [
    {
      "gatewayId": "0016c001f11a04ba",
      "uplinkId": 44007,
      "nsTime": "2025-08-15T12:53:55.847114463+00:00",
      "rssi": -77,
      "snr": 4.5,
      "location": {
        "latitude": 32.18811629520134,
        "longitude": 74.18201621283973
      },
      "context": "hoMSNg==",
      "crcStatus": "CRC_OK"
    }
  ],
  "txInfo": {
    "frequency": 923200000,
    "modulation": {
      "lora": {
        "bandwidth": 125000,
        "spreadingFactor": 8,
        "codeRate": "CR_4_5"
      }
    }
  },
  "regionConfigId": "as923"
}