{
  "deduplicationId": "ca2f694c-72a7-4af6-a6c4-59b455ea60e1",
  "time": "2025-08-15T18:47:22.555207292+00:00",
  "deviceInfo": {
    "tenantId": "a3a0684b-09a1-4620-a9b7-40010696af65",
    "tenantName": "QDPS",
    "applicationId": "d6195947-2502-4124-9767-079a84c9fac7",
    "applicationName": "EMS",
    "deviceProfileId": "3a52cbb6-7753-4553-95e1-dd1473948853",
    "deviceProfileName": "ADW300-923",
    "deviceName": "Genset",
    "devEui": "00956906000301b6",
    "deviceClassEnabled": "CLASS_C",
    "tags": {}
  },
  "devAddr": "01db6e31",
  "adr": false,
  "dr": 4,
  "fCnt": 893,
  "fPort": 10,
  "confirmed": true,
  "data": "LQAAAAAuAAAAAC8AAAAAMAAAAAAxAAAAADIAAAArMw8IBg80AAAAxTUAAACtNgAAAMw3AAAAADgAAAAAOQAAAAA6AAAAADsAAAFJPAAAAAA9AAAAAD4AAAAAPwAAAABAAAAAAEEAAAAAQgAAAABDAAAAAEQAAAAAEQ==",
  "object": {
    "data": {
      "IbTHD": 0,
      "RD": 0,
      "VUB": 3.29,
      "TempA": 0,
      "IL": 0,
      "TempB": 0,
      "UaTHD": 1.97,
      "EPc": 0,
      "UbTHD": 1.73,
      "EPP": 0,
      "EPJ": 0,
      "EPIc": 0,
      "EQLc": 0,
      "IcTHD": 0,
      "IaTHD": 0,
      "CUB": 0,
      "EPG": 0,
      "EPEc": 0,
      "EQCc": 0,
      "UcTHD": 2.04,
      "TempC": 0,
      "EPF": 0,
      "MD": 0.043000000000000003,
      "MDTimeStamp": "8-15 15:6"
    }
  },
  "rxInfo": [
    {
      "gatewayId": "0016c001f11a04ba",
      "uplinkId": 54118,
      "nsTime": "2025-08-15T18:47:20.154799203+00:00",
      "rssi": -70,
      "snr": 14,
      "channel": 1,
      "location": {
        "latitude": 32.18811629520134,
        "longitude": 74.18201621283973
      },
      "context": "dmSTSQ==",
      "crcStatus": "CRC_OK"
    }
  ],
  "txInfo": {
    "frequency": 923400000,
    "modulation": {
      "lora": {
        "bandwidth": 125000,
        "spreadingFactor": 8,
        "codeRate": "CR_4_5"
      }
    }
  },
  "regionConfigId": "as923"
}