{
  "deduplicationId": "1139082f-0c6e-47a4-9f08-21dea3f89b8c",
  "time": "2025-08-15T14:47:39.191539944+00:00",
  "deviceInfo": {
    "tenantId": "a3a0684b-09a1-4620-a9b7-40010696af65",
    "tenantName": "QDPS",
    "applicationId": "d6195947-2502-4124-9767-079a84c9fac7",
    "applicationName": "EMS",
    "deviceProfileId": "3a52cbb6-7753-4553-95e1-dd1473948853",
    "deviceProfileName": "ADW300-923",
    "deviceName": "Genset",
    "devEui": "00956906000301b6",
    "deviceClassEnabled": "CLASS_C",
    "tags": {}
  },
  "devAddr": "01db6e31",
  "adr": false,
  "dr": 4,
  "fCnt": 429,
  "fPort": 10,
  "confirmed": true,
  "data": "LQAAAAAuAAAAAC8AAAAAMAAAAAAxAAAAADIAAAArMw8IBg80AAABBTUAAAEaNgAAARI3AAAAADgAAAAAOQAAAAA6AAAAADsAAAFMPAAAAAA9AAAAAD4AAAAAPwAAAABAAAAAAEEAAAAAQgAAAABDAAAAAEQAAAAA/Q==",
  "object": {
    "data": {
      "EPG": 0,
      "IbTHD": 0,
      "EPc": 0,
      "MDTimeStamp": "8-15 15:6",
      "UaTHD": 2.61,
      "EPIc": 0,
      "UcTHD": 2.74,
      "RD": 0,
      "VUB": 3.3200000000000003,
      "TempC": 0,
      "EPJ": 0,
      "EPF": 0,
      "EPP": 0,
      "IL": 0,
      "CUB": 0,
      "MD": 0.043000000000000003,
      "IcTHD": 0,
      "TempA": 0,
      "UbTHD": 2.82,
      "EPEc": 0,
      "EQLc": 0,
      "EQCc": 0,
      "TempB": 0,
      "IaTHD": 0
    }
  },
  "rxInfo": [
    {
      "gatewayId": "0016c001f11a04ba",
      "uplinkId": 60859,
      "nsTime": "2025-08-15T14:47:36.565651354+00:00",
      "rssi": -70,
      "snr": 14,
      "channel": 1,
      "location": {
        "latitude": 32.18811629520134,
        "longitude": 74.18201621283973
      },
      "context": "HRBYqw==",
      "crcStatus": "CRC_OK"
    }
  ],
  "txInfo": {
    "frequency": 923400000,
    "modulation": {
      "lora": {
        "bandwidth": 125000,
        "spreadingFactor": 8,
        "codeRate": "CR_4_5"
      }
    }
  },
  "regionConfigId": "as923"
}