{
  "deduplicationId": "24e238ba-0da8-4f68-893a-837efcba55cd",
  "time": "2025-08-15T22:28:30.179655085+00:00",
  "deviceInfo": {
    "tenantId": "a3a0684b-09a1-4620-a9b7-40010696af65",
    "tenantName": "QDPS",
    "applicationId": "d6195947-2502-4124-9767-079a84c9fac7",
    "applicationName": "EMS",
    "deviceProfileId": "3a52cbb6-7753-4553-95e1-dd1473948853",
    "deviceProfileName": "ADW300-923",
    "deviceName": "Genset",
    "devEui": "00956906000301b6",
    "deviceClassEnabled": "CLASS_C",
    "tags": {}
  },
  "devAddr": "01db6e31",
  "adr": false,
  "dr": 4,
  "fCnt": 1321,
  "fPort": 10,
  "confirmed": true,
  "data": "LQAAAAAuAAAAAC8AAAAAMAAAAAAxAAAAADIAAAArMw8IBg80AAAA4DUAAADUNgAAAOw3AAAAADgAAAAAOQAAAAA6AAAAADsAAAFQPAAAAAA9AAAAAD4AAAAAPwAAAABAAAAAAEEAAAAAQgAAAABDAAAAAEQAAAAApQ==",
  "object": {
    "data": {
      "EQLc": 0,
      "EQCc": 0,
      "EPF": 0,
      "MDTimeStamp": "8-15 15:6",
      "UcTHD": 2.36,
      "IaTHD": 0,
      "TempB": 0,
      "IcTHD": 0,
      "RD": 0,
      "EPG": 0,
      "EPEc": 0,
      "EPIc": 0,
      "CUB": 0,
      "EPP": 0,
      "MD": 0.043000000000000003,
      "UbTHD": 2.12,
      "IbTHD": 0,
      "TempC": 0,
      "EPc": 0,
      "UaTHD": 2.24,
      "IL": 0,
      "VUB": 3.36,
      "EPJ": 0,
      "TempA": 0
    }
  },
  "rxInfo": [
    {
      "gatewayId": "0016c001f11a04ba",
      "uplinkId": 38210,
      "nsTime": "2025-08-15T22:28:27.776455429+00:00",
      "rssi": -67,
      "snr": 15.3,
      "location": {
        "latitude": 32.18811629520134,
        "longitude": 74.18201621283973
      },
      "context": "jTRsOA==",
      "crcStatus": "CRC_OK"
    }
  ],
  "txInfo": {
    "frequency": 923200000,
    "modulation": {
      "lora": {
        "bandwidth": 125000,
        "spreadingFactor": 8,
        "codeRate": "CR_4_5"
      }
    }
  },
  "regionConfigId": "as923"
}