{
  "deduplicationId": "b392cb9c-9df5-4e3e-96cb-bec94b7a450c",
  "time": "2025-08-15T19:01:50.544751300+00:00",
  "deviceInfo": {
    "tenantId": "a3a0684b-09a1-4620-a9b7-40010696af65",
    "tenantName": "QDPS",
    "applicationId": "d6195947-2502-4124-9767-079a84c9fac7",
    "applicationName": "EMS",
    "deviceProfileId": "3a52cbb6-7753-4553-95e1-dd1473948853",
    "deviceProfileName": "ADW300-923",
    "deviceName": "Genset",
    "devEui": "00956906000301b6",
    "deviceClassEnabled": "CLASS_C",
    "tags": {}
  },
  "devAddr": "01db6e31",
  "adr": false,
  "dr": 4,
  "fCnt": 921,
  "fPort": 10,
  "confirmed": true,
  "data": "LQAAAAAuAAAAAC8AAAAAMAAAAAAxAAAAADIAAAArMw8IBg80AAAAqzUAAADYNgAAAL43AAAAADgAAAAAOQAAAAA6AAAAADsAAAFSPAAAAAA9AAAAAD4AAAAAPwAAAABAAAAAAEEAAAAAQgAAAABDAAAAAEQAAAAAtg==",
  "object": {
    "data": {
      "UcTHD": 1.9000000000000001,
      "EPF": 0,
      "CUB": 0,
      "EQLc": 0,
      "TempC": 0,
      "IcTHD": 0,
      "EPP": 0,
      "UaTHD": 1.71,
      "EPG": 0,
      "UbTHD": 2.16,
      "IL": 0,
      "MD": 0.043000000000000003,
      "EQCc": 0,
      "TempA": 0,
      "IbTHD": 0,
      "VUB": 3.38,
      "EPc": 0,
      "EPEc": 0,
      "EPIc": 0,
      "IaTHD": 0,
      "TempB": 0,
      "MDTimeStamp": "8-15 15:6",
      "RD": 0,
      "EPJ": 0
    }
  },
  "rxInfo": [
    {
      "gatewayId": "0016c001f11a04ba",
      "uplinkId": 15110,
      "nsTime": "2025-08-15T19:01:48.134441538+00:00",
      "rssi": -68,
      "snr": 15.3,
      "location": {
        "latitude": 32.18811629520134,
        "longitude": 74.18201621283973
      },
      "context": "qiDUFg==",
      "crcStatus": "CRC_OK"
    }
  ],
  "txInfo": {
    "frequency": 923200000,
    "modulation": {
      "lora": {
        "bandwidth": 125000,
        "spreadingFactor": 8,
        "codeRate": "CR_4_5"
      }
    }
  },
  "regionConfigId": "as923"
}