{
  "deduplicationId": "c9cc9d07-e4e0-45c6-8253-4a23b5d8fa40",
  "time": "2025-08-15T20:26:34.605781019+00:00",
  "deviceInfo": {
    "tenantId": "a3a0684b-09a1-4620-a9b7-40010696af65",
    "tenantName": "QDPS",
    "applicationId": "d6195947-2502-4124-9767-079a84c9fac7",
    "applicationName": "EMS",
    "deviceProfileId": "3a52cbb6-7753-4553-95e1-dd1473948853",
    "deviceProfileName": "ADW300-923",
    "deviceName": "Genset",
    "devEui": "00956906000301b6",
    "deviceClassEnabled": "CLASS_C",
    "tags": {}
  },
  "devAddr": "01db6e31",
  "adr": false,
  "dr": 4,
  "fCnt": 1085,
  "fPort": 10,
  "confirmed": true,
  "data": "LQAAAAAuAAAAAC8AAAAAMAAAAAAxAAAAADIAAAArMw8IBg80AAAAtzUAAADPNgAAAL03AAAAADgAAAAAOQAAAAA6AAAAADsAAAFFPAAAAAA9AAAAAD4AAAAAPwAAAABAAAAAAEEAAAAAQgAAAABDAAAAAEQAAAAAEA==",
  "object": {
    "data": {
      "EPIc": 0,
      "VUB": 3.25,
      "TempA": 0,
      "EPP": 0,
      "EPEc": 0,
      "IaTHD": 0,
      "TempC": 0,
      "EPF": 0,
      "EPJ": 0,
      "EPc": 0,
      "RD": 0,
      "UaTHD": 1.83,
      "IcTHD": 0,
      "MDTimeStamp": "8-15 15:6",
      "EQCc": 0,
      "UcTHD": 1.8900000000000001,
      "IL": 0,
      "MD": 0.043000000000000003,
      "UbTHD": 2.07,
      "IbTHD": 0,
      "TempB": 0,
      "EPG": 0,
      "CUB": 0,
      "EQLc": 0
    }
  },
  "rxInfo": [
    {
      "gatewayId": "0016c001f11a04ba",
      "uplinkId": 31789,
      "nsTime": "2025-08-15T20:26:31.986158346+00:00",
      "rssi": -68,
      "snr": 15.3,
      "location": {
        "latitude": 32.18811629520134,
        "longitude": 74.18201621283973
      },
      "context": "2SZO6g==",
      "crcStatus": "CRC_OK"
    }
  ],
  "txInfo": {
    "frequency": 923200000,
    "modulation": {
      "lora": {
        "bandwidth": 125000,
        "spreadingFactor": 8,
        "codeRate": "CR_4_5"
      }
    }
  },
  "regionConfigId": "as923"
}