{
  "deduplicationId": "1799b2ef-577e-4dcf-9615-ed8b44c3eaf3",
  "time": "2025-08-15T07:47:27.687052941+00:00",
  "deviceInfo": {
    "tenantId": "a3a0684b-09a1-4620-a9b7-40010696af65",
    "tenantName": "QDPS",
    "applicationId": "d6195947-2502-4124-9767-079a84c9fac7",
    "applicationName": "EMS",
    "deviceProfileId": "3a52cbb6-7753-4553-95e1-dd1473948853",
    "deviceProfileName": "ADW300-923",
    "deviceName": "Genset",
    "devEui": "00956906000301b6",
    "deviceClassEnabled": "CLASS_C",
    "tags": {}
  },
  "devAddr": "013c7491",
  "regionConfigId": "as923"
}