{
  "deduplicationId": "de1ac16c-853b-4b05-8106-e8e120e4aa13",
  "time": "2025-08-15T08:03:28.158571248+00:00",
  "deviceInfo": {
    "tenantId": "a3a0684b-09a1-4620-a9b7-40010696af65",
    "tenantName": "QDPS",
    "applicationId": "d6195947-2502-4124-9767-079a84c9fac7",
    "applicationName": "EMS",
    "deviceProfileId": "3a52cbb6-7753-4553-95e1-dd1473948853",
    "deviceProfileName": "ADW300-923",
    "deviceName": "Genset",
    "devEui": "00956906000301b6",
    "deviceClassEnabled": "CLASS_C",
    "tags": {}
  },
  "devAddr": "013c7491",
  "adr": false,
  "dr": 4,
  "fCnt": 31,
  "fPort": 10,
  "confirmed": true,
  "data": "LQAAAAAuAAAAAC8AAAAAMAAAAAAxAAAAADIAAAArMw8IBg80AAAA4DUAAAC5NgAAAOU3AAAAADgAAAAAOQAAAAA6AAAAADsAAAF9PAAAAAA9AAAAAD4AAAAAPwAAAABAAAAAAEEAAAAAQgAAAABDAAAAAEQAAAAA3Q==",
  "object": {
    "data": {
      "EPJ": 0,
      "EPIc": 0,
      "UbTHD": 1.85,
      "EPG": 0,
      "IaTHD": 0,
      "IL": 0,
      "IbTHD": 0,
      "EPF": 0,
      "UaTHD": 2.24,
      "EPc": 0,
      "VUB": 3.81,
      "IcTHD": 0,
      "TempA": 0,
      "TempB": 0,
      "RD": 0,
      "EPEc": 0,
      "EQLc": 0,
      "MD": 0.043000000000000003,
      "UcTHD": 2.29,
      "TempC": 0,
      "MDTimeStamp": "8-15 15:6",
      "CUB": 0,
      "EPP": 0,
      "EQCc": 0
    }
  },
  "rxInfo": [
    {
      "gatewayId": "0016c001f11a04ba",
      "uplinkId": 55848,
      "nsTime": "2025-08-15T08:03:25.752890964+00:00",
      "rssi": -70,
      "snr": 14.5,
      "channel": 1,
      "location": {
        "latitude": 32.18811629520134,
        "longitude": 74.18201621283973
      },
      "context": "Qn9ntQ==",
      "crcStatus": "CRC_OK"
    }
  ],
  "txInfo": {
    "frequency": 923400000,
    "modulation": {
      "lora": {
        "bandwidth": 125000,
        "spreadingFactor": 8,
        "codeRate": "CR_4_5"
      }
    }
  },
  "regionConfigId": "as923"
}