{
  "deduplicationId": "2c648916-a0d7-494e-86b1-b1cba1d717a1",
  "time": "2025-08-15T22:41:56.321171551+00:00",
  "deviceInfo": {
    "tenantId": "a3a0684b-09a1-4620-a9b7-40010696af65",
    "tenantName": "QDPS",
    "applicationId": "d6195947-2502-4124-9767-079a84c9fac7",
    "applicationName": "EMS",
    "deviceProfileId": "3a52cbb6-7753-4553-95e1-dd1473948853",
    "deviceProfileName": "ADW300-923",
    "deviceName": "Genset",
    "devEui": "00956906000301b6",
    "deviceClassEnabled": "CLASS_C",
    "tags": {}
  },
  "devAddr": "01db6e31",
  "adr": false,
  "dr": 4,
  "fCnt": 1347,
  "fPort": 10,
  "confirmed": true,
  "data": "LQAAAAAuAAAAAC8AAAAAMAAAAAAxAAAAADIAAAArMw8IBg80AAAA2zUAAADgNgAAAO83AAAAADgAAAAAOQAAAAA6AAAAADsAAAFHPAAAAAA9AAAAAD4AAAAAPwAAAABAAAAAAEEAAAAAQgAAAABDAAAAAEQAAAAA1A==",
  "object": {
    "data": {
      "IcTHD": 0,
      "TempA": 0,
      "EPEc": 0,
      "EPG": 0,
      "EQCc": 0,
      "RD": 0,
      "TempB": 0,
      "CUB": 0,
      "UbTHD": 2.24,
      "EPP": 0,
      "EPc": 0,
      "IL": 0,
      "EQLc": 0,
      "IaTHD": 0,
      "IbTHD": 0,
      "MD": 0.043000000000000003,
      "MDTimeStamp": "8-15 15:6",
      "UcTHD": 2.39,
      "EPIc": 0,
      "UaTHD": 2.19,
      "VUB": 3.27,
      "TempC": 0,
      "EPJ": 0,
      "EPF": 0
    }
  },
  "rxInfo": [
    {
      "gatewayId": "0016c001f11a04ba",
      "uplinkId": 15858,
      "nsTime": "2025-08-15T22:41:53.755160725+00:00",
      "rssi": -68,
      "snr": 14.8,
      "location": {
        "latitude": 32.18811629520134,
        "longitude": 74.18201621283973
      },
      "context": "vT6nfg==",
      "crcStatus": "CRC_OK"
    }
  ],
  "txInfo": {
    "frequency": 923200000,
    "modulation": {
      "lora": {
        "bandwidth": 125000,
        "spreadingFactor": 8,
        "codeRate": "CR_4_5"
      }
    }
  },
  "regionConfigId": "as923"
}