{
  "deduplicationId": "6224ddc4-d023-4b75-8a5d-277560e0989d",
  "time": "2025-08-15T18:56:40.736880721+00:00",
  "deviceInfo": {
    "tenantId": "a3a0684b-09a1-4620-a9b7-40010696af65",
    "tenantName": "QDPS",
    "applicationId": "d6195947-2502-4124-9767-079a84c9fac7",
    "applicationName": "EMS",
    "deviceProfileId": "3a52cbb6-7753-4553-95e1-dd1473948853",
    "deviceProfileName": "ADW300-923",
    "deviceName": "Genset",
    "devEui": "00956906000301b6",
    "deviceClassEnabled": "CLASS_C",
    "tags": {}
  },
  "devAddr": "01db6e31",
  "adr": false,
  "dr": 4,
  "fCnt": 911,
  "fPort": 10,
  "confirmed": true,
  "data": "LQAAAAAuAAAAAC8AAAAAMAAAAAAxAAAAADIAAAArMw8IBg80AAAAuTUAAAC9NgAAAMM3AAAAADgAAAAAOQAAAAA6AAAAADsAAAFVPAAAAAA9AAAAAD4AAAAAPwAAAABAAAAAAEEAAAAAQgAAAABDAAAAAEQAAAAAGg==",
  "object": {
    "data": {
      "EPIc": 0,
      "MD": 0.043000000000000003,
      "EPF": 0,
      "EPEc": 0,
      "EQLc": 0,
      "EPc": 0,
      "EQCc": 0,
      "MDTimeStamp": "8-15 15:6",
      "IaTHD": 0,
      "VUB": 3.41,
      "UbTHD": 1.8900000000000001,
      "CUB": 0,
      "TempB": 0,
      "EPG": 0,
      "UcTHD": 1.95,
      "IcTHD": 0,
      "IL": 0,
      "UaTHD": 1.85,
      "TempA": 0,
      "TempC": 0,
      "IbTHD": 0,
      "RD": 0,
      "EPJ": 0,
      "EPP": 0
    }
  },
  "rxInfo": [
    {
      "gatewayId": "0016c001f11a04ba",
      "uplinkId": 4658,
      "nsTime": "2025-08-15T18:56:38.144410446+00:00",
      "rssi": -71,
      "snr": 14,
      "channel": 1,
      "location": {
        "latitude": 32.18811629520134,
        "longitude": 74.18201621283973
      },
      "context": "l6a9bQ==",
      "crcStatus": "CRC_OK"
    }
  ],
  "txInfo": {
    "frequency": 923400000,
    "modulation": {
      "lora": {
        "bandwidth": 125000,
        "spreadingFactor": 8,
        "codeRate": "CR_4_5"
      }
    }
  },
  "regionConfigId": "as923"
}