{
  "deduplicationId": "9274ed88-a0ee-4ca7-aa99-6eb3a34aa2b6",
  "time": "2025-08-15T22:04:44.214529964+00:00",
  "deviceInfo": {
    "tenantId": "a3a0684b-09a1-4620-a9b7-40010696af65",
    "tenantName": "QDPS",
    "applicationId": "d6195947-2502-4124-9767-079a84c9fac7",
    "applicationName": "EMS",
    "deviceProfileId": "3a52cbb6-7753-4553-95e1-dd1473948853",
    "deviceProfileName": "ADW300-923",
    "deviceName": "Genset",
    "devEui": "00956906000301b6",
    "deviceClassEnabled": "CLASS_C",
    "tags": {}
  },
  "devAddr": "01db6e31",
  "adr": false,
  "dr": 4,
  "fCnt": 1275,
  "fPort": 10,
  "confirmed": true,
  "data": "LQAAAAAuAAAAAC8AAAAAMAAAAAAxAAAAADIAAAArMw8IBg80AAAA5DUAAADgNgAAAPQ3AAAAADgAAAAAOQAAAAA6AAAAADsAAAFIPAAAAAA9AAAAAD4AAAAAPwAAAABAAAAAAEEAAAAAQgAAAABDAAAAAEQAAAAArw==",
  "object": {
    "data": {
      "EQLc": 0,
      "MD": 0.043000000000000003,
      "RD": 0,
      "EPF": 0,
      "MDTimeStamp": "8-15 15:6",
      "IaTHD": 0,
      "IbTHD": 0,
      "TempC": 0,
      "EPJ": 0,
      "EPG": 0,
      "EPc": 0,
      "TempB": 0,
      "TempA": 0,
      "UaTHD": 2.2800000000000002,
      "UcTHD": 2.44,
      "VUB": 3.2800000000000002,
      "EPIc": 0,
      "EPEc": 0,
      "EQCc": 0,
      "IcTHD": 0,
      "UbTHD": 2.24,
      "EPP": 0,
      "CUB": 0,
      "IL": 0
    }
  },
  "rxInfo": [
    {
      "gatewayId": "0016c001f11a04ba",
      "uplinkId": 54825,
      "nsTime": "2025-08-15T22:04:41.821336764+00:00",
      "rssi": -70,
      "snr": 14.8,
      "channel": 1,
      "location": {
        "latitude": 32.18811629520134,
        "longitude": 74.18201621283973
      },
      "context": "ODYCgQ==",
      "crcStatus": "CRC_OK"
    }
  ],
  "txInfo": {
    "frequency": 923400000,
    "modulation": {
      "lora": {
        "bandwidth": 125000,
        "spreadingFactor": 8,
        "codeRate": "CR_4_5"
      }
    }
  },
  "regionConfigId": "as923"
}