{
  "deduplicationId": "424aee45-e6d2-4a15-96a7-20ace0992bad",
  "time": "2025-08-15T20:28:38.580632391+00:00",
  "deviceInfo": {
    "tenantId": "a3a0684b-09a1-4620-a9b7-40010696af65",
    "tenantName": "QDPS",
    "applicationId": "d6195947-2502-4124-9767-079a84c9fac7",
    "applicationName": "EMS",
    "deviceProfileId": "3a52cbb6-7753-4553-95e1-dd1473948853",
    "deviceProfileName": "ADW300-923",
    "deviceName": "Genset",
    "devEui": "00956906000301b6",
    "deviceClassEnabled": "CLASS_C",
    "tags": {}
  },
  "devAddr": "01db6e31",
  "adr": false,
  "dr": 4,
  "fCnt": 1089,
  "fPort": 10,
  "confirmed": true,
  "data": "LQAAAAAuAAAAAC8AAAAAMAAAAAAxAAAAADIAAAArMw8IBg80AAAArjUAAADCNgAAAN43AAAAADgAAAAAOQAAAAA6AAAAADsAAAFIPAAAAAA9AAAAAD4AAAAAPwAAAABAAAAAAEEAAAAAQgAAAABDAAAAAEQAAAAAXQ==",
  "object": {
    "data": {
      "EQCc": 0,
      "IL": 0,
      "VUB": 3.2800000000000002,
      "UaTHD": 1.74,
      "MD": 0.043000000000000003,
      "MDTimeStamp": "8-15 15:6",
      "IbTHD": 0,
      "TempA": 0,
      "IaTHD": 0,
      "EPP": 0,
      "EPIc": 0,
      "EPc": 0,
      "IcTHD": 0,
      "EPF": 0,
      "UbTHD": 1.94,
      "RD": 0,
      "EPJ": 0,
      "CUB": 0,
      "EPEc": 0,
      "UcTHD": 2.22,
      "TempC": 0,
      "EPG": 0,
      "EQLc": 0,
      "TempB": 0
    }
  },
  "rxInfo": [
    {
      "gatewayId": "0016c001f11a04ba",
      "uplinkId": 20168,
      "nsTime": "2025-08-15T20:28:35.993336209+00:00",
      "rssi": -70,
      "snr": 15.3,
      "channel": 1,
      "location": {
        "latitude": 32.18811629520134,
        "longitude": 74.18201621283973
      },
      "context": "4IpYnQ==",
      "crcStatus": "CRC_OK"
    }
  ],
  "txInfo": {
    "frequency": 923400000,
    "modulation": {
      "lora": {
        "bandwidth": 125000,
        "spreadingFactor": 8,
        "codeRate": "CR_4_5"
      }
    }
  },
  "regionConfigId": "as923"
}