{
  "deduplicationId": "99a15fbf-6c41-4a37-ab84-f9bb9238dfdb",
  "time": "2025-08-15T17:00:56.794092406+00:00",
  "deviceInfo": {
    "tenantId": "a3a0684b-09a1-4620-a9b7-40010696af65",
    "tenantName": "QDPS",
    "applicationId": "d6195947-2502-4124-9767-079a84c9fac7",
    "applicationName": "EMS",
    "deviceProfileId": "3a52cbb6-7753-4553-95e1-dd1473948853",
    "deviceProfileName": "ADW300-923",
    "deviceName": "Genset",
    "devEui": "00956906000301b6",
    "deviceClassEnabled": "CLASS_C",
    "tags": {}
  },
  "devAddr": "01db6e31",
  "adr": false,
  "dr": 4,
  "fCnt": 687,
  "fPort": 10,
  "confirmed": true,
  "data": "LQAAAAAuAAAAAC8AAAAAMAAAAAAxAAAAADIAAAArMw8IBg80AAAA8zUAAADPNgAAAOI3AAAAADgAAAAAOQAAAAA6AAAAADsAAAFQPAAAAAA9AAAAAD4AAAAAPwAAAABAAAAAAEEAAAAAQgAAAABDAAAAAEQAAAAAnQ==",
  "object": {
    "data": {
      "VUB": 3.36,
      "RD": 0,
      "EPIc": 0,
      "EPEc": 0,
      "UbTHD": 2.07,
      "EQLc": 0,
      "IaTHD": 0,
      "EPc": 0,
      "IbTHD": 0,
      "IcTHD": 0,
      "CUB": 0,
      "UaTHD": 2.43,
      "TempA": 0,
      "TempB": 0,
      "EPJ": 0,
      "MD": 0.043000000000000003,
      "EPF": 0,
      "EPP": 0,
      "EPG": 0,
      "IL": 0,
      "EQCc": 0,
      "MDTimeStamp": "8-15 15:6",
      "TempC": 0,
      "UcTHD": 2.2600000000000002
    }
  },
  "rxInfo": [
    {
      "gatewayId": "0016c001f11a04ba",
      "uplinkId": 50455,
      "nsTime": "2025-08-15T17:00:54.381599843+00:00",
      "rssi": -80,
      "snr": 8.8,
      "location": {
        "latitude": 32.18811629520134,
        "longitude": 74.18201621283973
      },
      "context": "+cS0aw==",
      "crcStatus": "CRC_OK"
    }
  ],
  "txInfo": {
    "frequency": 923200000,
    "modulation": {
      "lora": {
        "bandwidth": 125000,
        "spreadingFactor": 8,
        "codeRate": "CR_4_5"
      }
    }
  },
  "regionConfigId": "as923"
}