{
  "deduplicationId": "78f0293e-a73a-40a5-abc3-819cf64cf541",
  "time": "2025-08-15T08:22:04.161254507+00:00",
  "deviceInfo": {
    "tenantId": "a3a0684b-09a1-4620-a9b7-40010696af65",
    "tenantName": "QDPS",
    "applicationId": "d6195947-2502-4124-9767-079a84c9fac7",
    "applicationName": "EMS",
    "deviceProfileId": "3a52cbb6-7753-4553-95e1-dd1473948853",
    "deviceProfileName": "ADW300-923",
    "deviceName": "Genset",
    "devEui": "00956906000301b6",
    "deviceClassEnabled": "CLASS_C",
    "tags": {}
  },
  "devAddr": "013c7491",
  "adr": false,
  "dr": 4,
  "fCnt": 67,
  "fPort": 10,
  "confirmed": true,
  "data": "LQAAAAAuAAAAAC8AAAAAMAAAAAAxAAAAADIAAAArMw8IBg80AAAA6jUAAADbNgAAAL83AAAAADgAAAAAOQAAAAA6AAAAADsAAAF7PAAAAAA9AAAAAD4AAAAAPwAAAABAAAAAAEEAAAAAQgAAAABDAAAAAEQAAAAAYg==",
  "object": {
    "data": {
      "EPIc": 0,
      "MDTimeStamp": "8-15 15:6",
      "EPEc": 0,
      "UaTHD": 2.34,
      "EQLc": 0,
      "UcTHD": 1.9100000000000001,
      "VUB": 3.79,
      "RD": 0,
      "EPG": 0,
      "IaTHD": 0,
      "EPJ": 0,
      "EQCc": 0,
      "IcTHD": 0,
      "CUB": 0,
      "IL": 0,
      "MD": 0.043000000000000003,
      "TempB": 0,
      "EPc": 0,
      "EPF": 0,
      "TempA": 0,
      "UbTHD": 2.19,
      "IbTHD": 0,
      "TempC": 0,
      "EPP": 0
    }
  },
  "rxInfo": [
    {
      "gatewayId": "0016c001f11a04ba",
      "uplinkId": 4925,
      "nsTime": "2025-08-15T08:22:01.722424751+00:00",
      "rssi": -69,
      "snr": 14.5,
      "location": {
        "latitude": 32.18811629520134,
        "longitude": 74.18201621283973
      },
      "context": "hQO5Ag==",
      "crcStatus": "CRC_OK"
    }
  ],
  "txInfo": {
    "frequency": 923200000,
    "modulation": {
      "lora": {
        "bandwidth": 125000,
        "spreadingFactor": 8,
        "codeRate": "CR_4_5"
      }
    }
  },
  "regionConfigId": "as923"
}