{
  "deduplicationId": "2eb36e87-d992-44f8-80c4-3977fe775a6d",
  "time": "2025-08-15T22:03:42.247752170+00:00",
  "deviceInfo": {
    "tenantId": "a3a0684b-09a1-4620-a9b7-40010696af65",
    "tenantName": "QDPS",
    "applicationId": "d6195947-2502-4124-9767-079a84c9fac7",
    "applicationName": "EMS",
    "deviceProfileId": "3a52cbb6-7753-4553-95e1-dd1473948853",
    "deviceProfileName": "ADW300-923",
    "deviceName": "Genset",
    "devEui": "00956906000301b6",
    "deviceClassEnabled": "CLASS_C",
    "tags": {}
  },
  "devAddr": "01db6e31",
  "adr": false,
  "dr": 4,
  "fCnt": 1273,
  "fPort": 10,
  "confirmed": true,
  "data": "LQAAAAAuAAAAAC8AAAAAMAAAAAAxAAAAADIAAAArMw8IBg80AAAA2zUAAADkNgAAAPM3AAAAADgAAAAAOQAAAAA6AAAAADsAAAFHPAAAAAA9AAAAAD4AAAAAPwAAAABAAAAAAEEAAAAAQgAAAABDAAAAAEQAAAAA1A==",
  "object": {
    "data": {
      "EPEc": 0,
      "MD": 0.043000000000000003,
      "RD": 0,
      "EPIc": 0,
      "UcTHD": 2.43,
      "CUB": 0,
      "MDTimeStamp": "8-15 15:6",
      "UaTHD": 2.19,
      "IbTHD": 0,
      "EPP": 0,
      "EPG": 0,
      "IcTHD": 0,
      "IaTHD": 0,
      "TempB": 0,
      "IL": 0,
      "EQCc": 0,
      "EQLc": 0,
      "VUB": 3.27,
      "TempC": 0,
      "EPJ": 0,
      "UbTHD": 2.2800000000000002,
      "EPF": 0,
      "EPc": 0,
      "TempA": 0
    }
  },
  "rxInfo": [
    {
      "gatewayId": "0016c001f11a04ba",
      "uplinkId": 27237,
      "nsTime": "2025-08-15T22:03:39.828663429+00:00",
      "rssi": -78,
      "snr": 10.8,
      "location": {
        "latitude": 32.18811629520134,
        "longitude": 74.18201621283973
      },
      "context": "NIP9lg==",
      "crcStatus": "CRC_OK"
    }
  ],
  "txInfo": {
    "frequency": 923200000,
    "modulation": {
      "lora": {
        "bandwidth": 125000,
        "spreadingFactor": 8,
        "codeRate": "CR_4_5"
      }
    }
  },
  "regionConfigId": "as923"
}