{
  "deduplicationId": "82605090-7b25-4e4a-b805-49d175a9709c",
  "time": "2025-08-15T15:33:05.914927742+00:00",
  "deviceInfo": {
    "tenantId": "a3a0684b-09a1-4620-a9b7-40010696af65",
    "tenantName": "QDPS",
    "applicationId": "d6195947-2502-4124-9767-079a84c9fac7",
    "applicationName": "EMS",
    "deviceProfileId": "3a52cbb6-7753-4553-95e1-dd1473948853",
    "deviceProfileName": "ADW300-923",
    "deviceName": "Genset",
    "devEui": "00956906000301b6",
    "deviceClassEnabled": "CLASS_C",
    "tags": {}
  },
  "devAddr": "01db6e31",
  "adr": false,
  "dr": 4,
  "fCnt": 517,
  "fPort": 10,
  "confirmed": true,
  "data": "LQAAAAAuAAAAAC8AAAAAMAAAAAAxAAAAADIAAAArMw8IBg80AAAA/jUAAADuNgAAAPY3AAAAADgAAAAAOQAAAAA6AAAAADsAAAFGPAAAAAA9AAAAAD4AAAAAPwAAAABAAAAAAEEAAAAAQgAAAABDAAAAAEQAAAAATw==",
  "object": {
    "data": {
      "EPG": 0,
      "TempB": 0,
      "EPF": 0,
      "IaTHD": 0,
      "EPJ": 0,
      "TempA": 0,
      "EQLc": 0,
      "IcTHD": 0,
      "TempC": 0,
      "IbTHD": 0,
      "EQCc": 0,
      "EPIc": 0,
      "VUB": 3.2600000000000002,
      "MDTimeStamp": "8-15 15:6",
      "EPc": 0,
      "UbTHD": 2.38,
      "UcTHD": 2.46,
      "RD": 0,
      "CUB": 0,
      "EPP": 0,
      "IL": 0,
      "EPEc": 0,
      "MD": 0.043000000000000003,
      "UaTHD": 2.54
    }
  },
  "rxInfo": [
    {
      "gatewayId": "0016c001f11a04ba",
      "uplinkId": 38287,
      "nsTime": "2025-08-15T15:33:03.493721065+00:00",
      "rssi": -69,
      "snr": 14.3,
      "location": {
        "latitude": 32.18811629520134,
        "longitude": 74.18201621283973
      },
      "context": "v5nkeQ==",
      "crcStatus": "CRC_OK"
    }
  ],
  "txInfo": {
    "frequency": 923200000,
    "modulation": {
      "lora": {
        "bandwidth": 125000,
        "spreadingFactor": 8,
        "codeRate": "CR_4_5"
      }
    }
  },
  "regionConfigId": "as923"
}