{
  "deduplicationId": "69b63fa6-3847-4c04-a4a4-fb3d7d0a7a7e",
  "time": "2025-08-15T21:54:23.223574885+00:00",
  "deviceInfo": {
    "tenantId": "a3a0684b-09a1-4620-a9b7-40010696af65",
    "tenantName": "QDPS",
    "applicationId": "d6195947-2502-4124-9767-079a84c9fac7",
    "applicationName": "EMS",
    "deviceProfileId": "3a52cbb6-7753-4553-95e1-dd1473948853",
    "deviceProfileName": "ADW300-923",
    "deviceName": "Genset",
    "devEui": "00956906000301b6",
    "deviceClassEnabled": "CLASS_C",
    "tags": {}
  },
  "devAddr": "01db6e31",
  "adr": false,
  "dr": 4,
  "fCnt": 1255,
  "fPort": 10,
  "confirmed": true,
  "data": "LQAAAAAuAAAAAC8AAAAAMAAAAAAxAAAAADIAAAArMw8IBg80AAAAwTUAAADaNgAAAOk3AAAAADgAAAAAOQAAAAA6AAAAADsAAAFMPAAAAAA9AAAAAD4AAAAAPwAAAABAAAAAAEEAAAAAQgAAAABDAAAAAEQAAAAAmg==",
  "object": {
    "data": {
      "CUB": 0,
      "EPJ": 0,
      "EPP": 0,
      "UaTHD": 1.93,
      "MD": 0.043000000000000003,
      "RD": 0,
      "EQCc": 0,
      "IaTHD": 0,
      "IbTHD": 0,
      "VUB": 3.3200000000000003,
      "UcTHD": 2.33,
      "EQLc": 0,
      "IcTHD": 0,
      "MDTimeStamp": "8-15 15:6",
      "EPF": 0,
      "EPG": 0,
      "EPEc": 0,
      "TempA": 0,
      "IL": 0,
      "EPIc": 0,
      "EPc": 0,
      "UbTHD": 2.18,
      "TempB": 0,
      "TempC": 0
    }
  },
  "rxInfo": [
    {
      "gatewayId": "0016c001f11a04ba",
      "uplinkId": 36738,
      "nsTime": "2025-08-15T21:54:20.834704956+00:00",
      "rssi": -68,
      "snr": 14.8,
      "location": {
        "latitude": 32.18811629520134,
        "longitude": 74.18201621283973
      },
      "context": "EzKS4Q==",
      "crcStatus": "CRC_OK"
    }
  ],
  "txInfo": {
    "frequency": 923200000,
    "modulation": {
      "lora": {
        "bandwidth": 125000,
        "spreadingFactor": 8,
        "codeRate": "CR_4_5"
      }
    }
  },
  "regionConfigId": "as923"
}