{
  "deduplicationId": "6676724b-0f17-4bc1-ad2c-d8332a252f7d",
  "time": "2025-08-15T12:32:16.387138192+00:00",
  "deviceInfo": {
    "tenantId": "a3a0684b-09a1-4620-a9b7-40010696af65",
    "tenantName": "QDPS",
    "applicationId": "d6195947-2502-4124-9767-079a84c9fac7",
    "applicationName": "EMS",
    "deviceProfileId": "3a52cbb6-7753-4553-95e1-dd1473948853",
    "deviceProfileName": "ADW300-923",
    "deviceName": "Genset",
    "devEui": "00956906000301b6",
    "deviceClassEnabled": "CLASS_C",
    "tags": {}
  },
  "devAddr": "01db6e31",
  "adr": false,
  "dr": 4,
  "fCnt": 167,
  "fPort": 10,
  "confirmed": true,
  "data": "LQAAAAAuAAAAAC8AAAAAMAAAAAAxAAAAADIAAAArMw8IBg80AAAAwjUAAACzNgAAAME3AAAAADgAAAAAOQAAAAA6AAAAADsAAAFUPAAAAAA9AAAAAD4AAAAAPwAAAABAAAAAAEEAAAAAQgAAAABDAAAAAEQAAAAAFA==",
  "object": {
    "data": {
      "UcTHD": 1.93,
      "TempC": 0,
      "UbTHD": 1.79,
      "EPF": 0,
      "IbTHD": 0,
      "IcTHD": 0,
      "EPP": 0,
      "VUB": 3.4,
      "IL": 0,
      "EPc": 0,
      "MDTimeStamp": "8-15 15:6",
      "EPG": 0,
      "EPEc": 0,
      "EQLc": 0,
      "MD": 0.043000000000000003,
      "UaTHD": 1.94,
      "IaTHD": 0,
      "TempB": 0,
      "EQCc": 0,
      "EPIc": 0,
      "TempA": 0,
      "EPJ": 0,
      "RD": 0,
      "CUB": 0
    }
  },
  "rxInfo": [
    {
      "gatewayId": "0016c001f11a04ba",
      "uplinkId": 6602,
      "nsTime": "2025-08-15T12:32:13.888184810+00:00",
      "rssi": -77,
      "snr": -0.3,
      "channel": 1,
      "location": {
        "latitude": 32.18811629520134,
        "longitude": 74.18201621283973
      },
      "context": "OOiv6g==",
      "crcStatus": "CRC_OK"
    }
  ],
  "txInfo": {
    "frequency": 923400000,
    "modulation": {
      "lora": {
        "bandwidth": 125000,
        "spreadingFactor": 8,
        "codeRate": "CR_4_5"
      }
    }
  },
  "regionConfigId": "as923"
}