{
  "deduplicationId": "c0b7aafb-0ea5-4d73-a1a6-1e421f9028d4",
  "time": "2025-08-15T12:37:26.304650472+00:00",
  "deviceInfo": {
    "tenantId": "a3a0684b-09a1-4620-a9b7-40010696af65",
    "tenantName": "QDPS",
    "applicationId": "d6195947-2502-4124-9767-079a84c9fac7",
    "applicationName": "EMS",
    "deviceProfileId": "3a52cbb6-7753-4553-95e1-dd1473948853",
    "deviceProfileName": "ADW300-923",
    "deviceName": "Genset",
    "devEui": "00956906000301b6",
    "deviceClassEnabled": "CLASS_C",
    "tags": {}
  },
  "devAddr": "01db6e31",
  "adr": false,
  "dr": 4,
  "fCnt": 177,
  "fPort": 10,
  "confirmed": true,
  "data": "LQAAAAAuAAAAAC8AAAAAMAAAAAAxAAAAADIAAAArMw8IBg80AAAAxjUAAACrNgAAAME3AAAAADgAAAAAOQAAAAA6AAAAADsAAAFgPAAAAAA9AAAAAD4AAAAAPwAAAABAAAAAAEEAAAAAQgAAAABDAAAAAEQAAAAAPg==",
  "object": {
    "data": {
      "EPF": 0,
      "EPEc": 0,
      "UaTHD": 1.98,
      "IbTHD": 0,
      "EQCc": 0,
      "UcTHD": 1.93,
      "EQLc": 0,
      "MDTimeStamp": "8-15 15:6",
      "TempA": 0,
      "TempC": 0,
      "EPG": 0,
      "MD": 0.043000000000000003,
      "EPP": 0,
      "IaTHD": 0,
      "IL": 0,
      "UbTHD": 1.71,
      "EPc": 0,
      "CUB": 0,
      "VUB": 3.52,
      "IcTHD": 0,
      "RD": 0,
      "TempB": 0,
      "EPIc": 0,
      "EPJ": 0
    }
  },
  "rxInfo": [
    {
      "gatewayId": "0016c001f11a04ba",
      "uplinkId": 446,
      "nsTime": "2025-08-15T12:37:23.881600567+00:00",
      "rssi": -77,
      "snr": 3.8,
      "location": {
        "latitude": 32.18811629520134,
        "longitude": 74.18201621283973
      },
      "context": "S2LHYg==",
      "crcStatus": "CRC_OK"
    }
  ],
  "txInfo": {
    "frequency": 923200000,
    "modulation": {
      "lora": {
        "bandwidth": 125000,
        "spreadingFactor": 8,
        "codeRate": "CR_4_5"
      }
    }
  },
  "regionConfigId": "as923"
}