{
  "deduplicationId": "41a59c72-776f-4a5e-892c-ccffd3b0bc9c",
  "time": "2025-08-15T07:57:16.270476840+00:00",
  "deviceInfo": {
    "tenantId": "a3a0684b-09a1-4620-a9b7-40010696af65",
    "tenantName": "QDPS",
    "applicationId": "d6195947-2502-4124-9767-079a84c9fac7",
    "applicationName": "EMS",
    "deviceProfileId": "3a52cbb6-7753-4553-95e1-dd1473948853",
    "deviceProfileName": "ADW300-923",
    "deviceName": "Genset",
    "devEui": "00956906000301b6",
    "deviceClassEnabled": "CLASS_C",
    "tags": {}
  },
  "devAddr": "013c7491",
  "adr": false,
  "dr": 4,
  "fCnt": 19,
  "fPort": 10,
  "confirmed": true,
  "data": "LQAAAAAuAAAAAC8AAAAAMAAAAAAxAAAAADIAAAArMw8IBg80AAAAxTUAAADhNgAAAN03AAAAADgAAAAAOQAAAAA6AAAAADsAAAFzPAAAAAA9AAAAAD4AAAAAPwAAAABAAAAAAEEAAAAAQgAAAABDAAAAAEQAAAAAog==",
  "object": {
    "data": {
      "IcTHD": 0,
      "RD": 0,
      "EPF": 0,
      "VUB": 3.71,
      "EPG": 0,
      "IL": 0,
      "EPc": 0,
      "EQLc": 0,
      "MD": 0.043000000000000003,
      "EPP": 0,
      "TempA": 0,
      "UbTHD": 2.25,
      "UcTHD": 2.21,
      "EPIc": 0,
      "IbTHD": 0,
      "TempC": 0,
      "IaTHD": 0,
      "CUB": 0,
      "TempB": 0,
      "MDTimeStamp": "8-15 15:6",
      "EPJ": 0,
      "EQCc": 0,
      "EPEc": 0,
      "UaTHD": 1.97
    }
  },
  "rxInfo": [
    {
      "gatewayId": "0016c001f11a04ba",
      "uplinkId": 26953,
      "nsTime": "2025-08-15T07:57:13.758285743+00:00",
      "rssi": -71,
      "snr": 13.3,
      "location": {
        "latitude": 32.18811629520134,
        "longitude": 74.18201621283973
      },
      "context": "LFNNjQ==",
      "crcStatus": "CRC_OK"
    }
  ],
  "txInfo": {
    "frequency": 923200000,
    "modulation": {
      "lora": {
        "bandwidth": 125000,
        "spreadingFactor": 8,
        "codeRate": "CR_4_5"
      }
    }
  },
  "regionConfigId": "as923"
}