{
  "deduplicationId": "a264c0e4-471d-467a-88c8-5ea370a90534",
  "time": "2025-08-15T20:43:06.376485338+00:00",
  "deviceInfo": {
    "tenantId": "a3a0684b-09a1-4620-a9b7-40010696af65",
    "tenantName": "QDPS",
    "applicationId": "d6195947-2502-4124-9767-079a84c9fac7",
    "applicationName": "EMS",
    "deviceProfileId": "3a52cbb6-7753-4553-95e1-dd1473948853",
    "deviceProfileName": "ADW300-923",
    "deviceName": "Genset",
    "devEui": "00956906000301b6",
    "deviceClassEnabled": "CLASS_C",
    "tags": {}
  },
  "devAddr": "01db6e31",
  "adr": false,
  "dr": 4,
  "fCnt": 1117,
  "fPort": 10,
  "confirmed": true,
  "data": "LQAAAAAuAAAAAC8AAAAAMAAAAAAxAAAAADIAAAArMw8IBg80AAAAujUAAADWNgAAALc3AAAAADgAAAAAOQAAAAA6AAAAADsAAAFHPAAAAAA9AAAAAD4AAAAAPwAAAABAAAAAAEEAAAAAQgAAAABDAAAAAEQAAAAAfQ==",
  "object": {
    "data": {
      "VUB": 3.27,
      "EPIc": 0,
      "IbTHD": 0,
      "EPP": 0,
      "IaTHD": 0,
      "IL": 0,
      "EPG": 0,
      "EPF": 0,
      "EPc": 0,
      "EQCc": 0,
      "CUB": 0,
      "TempA": 0,
      "UaTHD": 1.86,
      "TempC": 0,
      "UcTHD": 1.83,
      "RD": 0,
      "EQLc": 0,
      "IcTHD": 0,
      "MD": 0.043000000000000003,
      "MDTimeStamp": "8-15 15:6",
      "TempB": 0,
      "EPJ": 0,
      "EPEc": 0,
      "UbTHD": 2.14
    }
  },
  "rxInfo": [
    {
      "gatewayId": "0016c001f11a04ba",
      "uplinkId": 44320,
      "nsTime": "2025-08-15T20:43:03.956708606+00:00",
      "rssi": -67,
      "snr": 14.8,
      "location": {
        "latitude": 32.18811629520134,
        "longitude": 74.18201621283973
      },
      "context": "FEaY6A==",
      "crcStatus": "CRC_OK"
    }
  ],
  "txInfo": {
    "frequency": 923200000,
    "modulation": {
      "lora": {
        "bandwidth": 125000,
        "spreadingFactor": 8,
        "codeRate": "CR_4_5"
      }
    }
  },
  "regionConfigId": "as923"
}