{
  "deduplicationId": "bf52dd61-d6b7-446e-8d4d-4f26c70b96bd",
  "time": "2025-08-15T20:23:28.420130307+00:00",
  "deviceInfo": {
    "tenantId": "a3a0684b-09a1-4620-a9b7-40010696af65",
    "tenantName": "QDPS",
    "applicationId": "d6195947-2502-4124-9767-079a84c9fac7",
    "applicationName": "EMS",
    "deviceProfileId": "3a52cbb6-7753-4553-95e1-dd1473948853",
    "deviceProfileName": "ADW300-923",
    "deviceName": "Genset",
    "devEui": "00956906000301b6",
    "deviceClassEnabled": "CLASS_C",
    "tags": {}
  },
  "devAddr": "01db6e31",
  "adr": false,
  "dr": 4,
  "fCnt": 1079,
  "fPort": 10,
  "confirmed": true,
  "data": "LQAAAAAuAAAAAC8AAAAAMAAAAAAxAAAAADIAAAArMw8IBg80AAAAqjUAAAC/NgAAANY3AAAAADgAAAAAOQAAAAA6AAAAADsAAAFBPAAAAAA9AAAAAD4AAAAAPwAAAABAAAAAAEEAAAAAQgAAAABDAAAAAEQAAAAAAg==",
  "object": {
    "data": {
      "EQCc": 0,
      "IaTHD": 0,
      "EPJ": 0,
      "EPG": 0,
      "TempB": 0,
      "EPP": 0,
      "EPc": 0,
      "EPF": 0,
      "IbTHD": 0,
      "VUB": 3.21,
      "EPIc": 0,
      "UbTHD": 1.9100000000000001,
      "UaTHD": 1.7,
      "CUB": 0,
      "EQLc": 0,
      "RD": 0,
      "TempC": 0,
      "TempA": 0,
      "IL": 0,
      "MDTimeStamp": "8-15 15:6",
      "MD": 0.043000000000000003,
      "UcTHD": 2.14,
      "IcTHD": 0,
      "EPEc": 0
    }
  },
  "rxInfo": [
    {
      "gatewayId": "0016c001f11a04ba",
      "uplinkId": 5339,
      "nsTime": "2025-08-15T20:23:25.998115136+00:00",
      "rssi": -70,
      "snr": 14.3,
      "channel": 1,
      "location": {
        "latitude": 32.18811629520134,
        "longitude": 74.18201621283973
      },
      "context": "zhBBjw==",
      "crcStatus": "CRC_OK"
    }
  ],
  "txInfo": {
    "frequency": 923400000,
    "modulation": {
      "lora": {
        "bandwidth": 125000,
        "spreadingFactor": 8,
        "codeRate": "CR_4_5"
      }
    }
  },
  "regionConfigId": "as923"
}