{
  "deduplicationId": "c6c14b82-1424-4f40-b353-832a1a69dfa9",
  "time": "2025-08-15T17:55:42.784656225+00:00",
  "deviceInfo": {
    "tenantId": "a3a0684b-09a1-4620-a9b7-40010696af65",
    "tenantName": "QDPS",
    "applicationId": "d6195947-2502-4124-9767-079a84c9fac7",
    "applicationName": "EMS",
    "deviceProfileId": "3a52cbb6-7753-4553-95e1-dd1473948853",
    "deviceProfileName": "ADW300-923",
    "deviceName": "Genset",
    "devEui": "00956906000301b6",
    "deviceClassEnabled": "CLASS_C",
    "tags": {}
  },
  "devAddr": "01db6e31",
  "adr": false,
  "dr": 4,
  "fCnt": 793,
  "fPort": 10,
  "confirmed": true,
  "data": "LQAAAAAuAAAAAC8AAAAAMAAAAAAxAAAAADIAAAArMw8IBg80AAAAyDUAAADINgAAAMo3AAAAADgAAAAAOQAAAAA6AAAAADsAAAE+PAAAAAA9AAAAAD4AAAAAPwAAAABAAAAAAEEAAAAAQgAAAABDAAAAAEQAAAAA2Q==",
  "object": {
    "data": {
      "UaTHD": 2,
      "EPIc": 0,
      "RD": 0,
      "EPF": 0,
      "EQCc": 0,
      "MDTimeStamp": "8-15 15:6",
      "TempB": 0,
      "TempC": 0,
      "UbTHD": 2,
      "UcTHD": 2.02,
      "EPc": 0,
      "EQLc": 0,
      "VUB": 3.18,
      "CUB": 0,
      "EPJ": 0,
      "EPP": 0,
      "MD": 0.043000000000000003,
      "EPG": 0,
      "IL": 0,
      "IbTHD": 0,
      "TempA": 0,
      "EPEc": 0,
      "IaTHD": 0,
      "IcTHD": 0
    }
  },
  "rxInfo": [
    {
      "gatewayId": "0016c001f11a04ba",
      "uplinkId": 34199,
      "nsTime": "2025-08-15T17:55:40.289406599+00:00",
      "rssi": -78,
      "snr": 10.5,
      "location": {
        "latitude": 32.18811629520134,
        "longitude": 74.18201621283973
      },
      "context": "vZ+rYw==",
      "crcStatus": "CRC_OK"
    }
  ],
  "txInfo": {
    "frequency": 923200000,
    "modulation": {
      "lora": {
        "bandwidth": 125000,
        "spreadingFactor": 8,
        "codeRate": "CR_4_5"
      }
    }
  },
  "regionConfigId": "as923"
}