{
  "deduplicationId": "59370d42-de0e-4ab1-9ffc-de8d17711868",
  "time": "2025-08-15T13:16:43.251176995+00:00",
  "deviceInfo": {
    "tenantId": "a3a0684b-09a1-4620-a9b7-40010696af65",
    "tenantName": "QDPS",
    "applicationId": "d6195947-2502-4124-9767-079a84c9fac7",
    "applicationName": "EMS",
    "deviceProfileId": "3a52cbb6-7753-4553-95e1-dd1473948853",
    "deviceProfileName": "ADW300-923",
    "deviceName": "Genset",
    "devEui": "00956906000301b6",
    "deviceClassEnabled": "CLASS_C",
    "tags": {}
  },
  "devAddr": "01db6e31",
  "adr": false,
  "dr": 4,
  "fCnt": 253,
  "fPort": 10,
  "confirmed": true,
  "data": "LQAAAAAuAAAAAC8AAAAAMAAAAAAxAAAAADIAAAArMw8IBg80AAAAzDUAAADBNgAAAOA3AAAAADgAAAAAOQAAAAA6AAAAADsAAAFlPAAAAAA9AAAAAD4AAAAAPwAAAABAAAAAAEEAAAAAQgAAAABDAAAAAEQAAAAAKg==",
  "object": {
    "data": {
      "TempA": 0,
      "EPc": 0,
      "EPJ": 0,
      "IbTHD": 0,
      "UbTHD": 1.93,
      "IcTHD": 0,
      "RD": 0,
      "MDTimeStamp": "8-15 15:6",
      "EPF": 0,
      "EPP": 0,
      "EQLc": 0,
      "TempC": 0,
      "EPIc": 0,
      "EQCc": 0,
      "UaTHD": 2.04,
      "EPEc": 0,
      "MD": 0.043000000000000003,
      "UcTHD": 2.24,
      "IaTHD": 0,
      "VUB": 3.5700000000000003,
      "CUB": 0,
      "TempB": 0,
      "EPG": 0,
      "IL": 0
    }
  },
  "rxInfo": [
    {
      "gatewayId": "0016c001f11a04ba",
      "uplinkId": 41659,
      "nsTime": "2025-08-15T13:16:40.807904048+00:00",
      "rssi": -76,
      "snr": 6.3,
      "location": {
        "latitude": 32.18811629520134,
        "longitude": 74.18201621283973
      },
      "context": "1967NQ==",
      "crcStatus": "CRC_OK"
    }
  ],
  "txInfo": {
    "frequency": 923200000,
    "modulation": {
      "lora": {
        "bandwidth": 125000,
        "spreadingFactor": 8,
        "codeRate": "CR_4_5"
      }
    }
  },
  "regionConfigId": "as923"
}