{
  "deduplicationId": "2b8e5ed5-469d-45b5-9833-ea0d5be7d9a3",
  "time": "2025-08-15T11:06:31.554115743+00:00",
  "deviceInfo": {
    "tenantId": "a3a0684b-09a1-4620-a9b7-40010696af65",
    "tenantName": "QDPS",
    "applicationId": "d6195947-2502-4124-9767-079a84c9fac7",
    "applicationName": "EMS",
    "deviceProfileId": "3a52cbb6-7753-4553-95e1-dd1473948853",
    "deviceProfileName": "ADW300-923",
    "deviceName": "Genset",
    "devEui": "00956906000301b6",
    "deviceClassEnabled": "CLASS_C",
    "tags": {}
  },
  "devAddr": "01db6e31",
  "adr": false,
  "dr": 4,
  "fCnt": 1,
  "fPort": 10,
  "confirmed": true,
  "data": "LQAAAAAuAAAAAC8AAAAAMAAAAAAxAAAAADIAAAArMw8IBg80AAAAlzUAAACnNgAAALU3AAAAADgAAAAAOQAAAAA6AAAAADsAAAFLPAAAAAA9AAAAAD4AAAAAPwAAAABAAAAAAEEAAAAAQgAAAABDAAAAAEQAAAAATg==",
  "object": {
    "data": {
      "UbTHD": 1.67,
      "EQLc": 0,
      "EPIc": 0,
      "EPc": 0,
      "EPEc": 0,
      "RD": 0,
      "CUB": 0,
      "IaTHD": 0,
      "TempA": 0,
      "EPJ": 0,
      "EPF": 0,
      "UaTHD": 1.51,
      "EPG": 0,
      "MDTimeStamp": "8-15 15:6",
      "MD": 0.043000000000000003,
      "TempB": 0,
      "IbTHD": 0,
      "IcTHD": 0,
      "EPP": 0,
      "VUB": 3.31,
      "EQCc": 0,
      "TempC": 0,
      "UcTHD": 1.81,
      "IL": 0
    }
  },
  "rxInfo": [
    {
      "gatewayId": "0016c001f11a04ba",
      "uplinkId": 34780,
      "nsTime": "2025-08-15T11:06:29.044252222+00:00",
      "rssi": -74,
      "snr": -8,
      "channel": 1,
      "location": {
        "latitude": 32.18811629520134,
        "longitude": 74.18201621283973
      },
      "context": "BkB10A==",
      "crcStatus": "CRC_OK"
    }
  ],
  "txInfo": {
    "frequency": 923400000,
    "modulation": {
      "lora": {
        "bandwidth": 125000,
        "spreadingFactor": 8,
        "codeRate": "CR_4_5"
      }
    }
  },
  "regionConfigId": "as923"
}