{
  "deduplicationId": "2a89d7e4-c1b0-4c65-9fd3-d1a6c1202a5f",
  "time": "2025-08-15T19:30:46.707638265+00:00",
  "deviceInfo": {
    "tenantId": "a3a0684b-09a1-4620-a9b7-40010696af65",
    "tenantName": "QDPS",
    "applicationId": "d6195947-2502-4124-9767-079a84c9fac7",
    "applicationName": "EMS",
    "deviceProfileId": "3a52cbb6-7753-4553-95e1-dd1473948853",
    "deviceProfileName": "ADW300-923",
    "deviceName": "Genset",
    "devEui": "00956906000301b6",
    "deviceClassEnabled": "CLASS_C",
    "tags": {}
  },
  "devAddr": "01db6e31",
  "adr": false,
  "dr": 4,
  "fCnt": 977,
  "fPort": 10,
  "confirmed": true,
  "data": "LQAAAAAuAAAAAC8AAAAAMAAAAAAxAAAAADIAAAArMw8IBg80AAAAlDUAAAClNgAAALw3AAAAADgAAAAAOQAAAAA6AAAAADsAAAFCPAAAAAA9AAAAAD4AAAAAPwAAAABAAAAAAEEAAAAAQgAAAABDAAAAAEQAAAAAeg==",
  "object": {
    "data": {
      "EPJ": 0,
      "MD": 0.043000000000000003,
      "EPIc": 0,
      "EQCc": 0,
      "EPc": 0,
      "CUB": 0,
      "IL": 0,
      "EPG": 0,
      "EPEc": 0,
      "UaTHD": 1.48,
      "VUB": 3.22,
      "TempB": 0,
      "EQLc": 0,
      "MDTimeStamp": "8-15 15:6",
      "IaTHD": 0,
      "IbTHD": 0,
      "RD": 0,
      "TempC": 0,
      "EPF": 0,
      "IcTHD": 0,
      "EPP": 0,
      "UbTHD": 1.6500000000000001,
      "UcTHD": 1.8800000000000001,
      "TempA": 0
    }
  },
  "rxInfo": [
    {
      "gatewayId": "0016c001f11a04ba",
      "uplinkId": 57224,
      "nsTime": "2025-08-15T19:30:44.088603708+00:00",
      "rssi": -68,
      "snr": 15.8,
      "location": {
        "latitude": 32.18811629520134,
        "longitude": 74.18201621283973
      },
      "context": "EZlWUA==",
      "crcStatus": "CRC_OK"
    }
  ],
  "txInfo": {
    "frequency": 923200000,
    "modulation": {
      "lora": {
        "bandwidth": 125000,
        "spreadingFactor": 8,
        "codeRate": "CR_4_5"
      }
    }
  },
  "regionConfigId": "as923"
}