{
  "deduplicationId": "e69e8e81-1237-4643-8f7c-69c7d285f9f4",
  "time": "2025-08-15T18:12:14.767781706+00:00",
  "deviceInfo": {
    "tenantId": "a3a0684b-09a1-4620-a9b7-40010696af65",
    "tenantName": "QDPS",
    "applicationId": "d6195947-2502-4124-9767-079a84c9fac7",
    "applicationName": "EMS",
    "deviceProfileId": "3a52cbb6-7753-4553-95e1-dd1473948853",
    "deviceProfileName": "ADW300-923",
    "deviceName": "Genset",
    "devEui": "00956906000301b6",
    "deviceClassEnabled": "CLASS_C",
    "tags": {}
  },
  "devAddr": "01db6e31",
  "adr": false,
  "dr": 4,
  "fCnt": 825,
  "fPort": 10,
  "confirmed": true,
  "data": "LQAAAAAuAAAAAC8AAAAAMAAAAAAxAAAAADIAAAArMw8IBg80AAAAwTUAAADONgAAALs3AAAAADgAAAAAOQAAAAA6AAAAADsAAAFFPAAAAAA9AAAAAD4AAAAAPwAAAABAAAAAAEEAAAAAQgAAAABDAAAAAEQAAAAAFg==",
  "object": {
    "data": {
      "IbTHD": 0,
      "UbTHD": 2.06,
      "IcTHD": 0,
      "TempA": 0,
      "EPJ": 0,
      "EQLc": 0,
      "IL": 0,
      "CUB": 0,
      "EQCc": 0,
      "TempB": 0,
      "EPF": 0,
      "EPP": 0,
      "TempC": 0,
      "EPEc": 0,
      "UaTHD": 1.93,
      "VUB": 3.25,
      "EPc": 0,
      "UcTHD": 1.87,
      "IaTHD": 0,
      "MDTimeStamp": "8-15 15:6",
      "RD": 0,
      "EPG": 0,
      "EPIc": 0,
      "MD": 0.043000000000000003
    }
  },
  "rxInfo": [
    {
      "gatewayId": "0016c001f11a04ba",
      "uplinkId": 11866,
      "nsTime": "2025-08-15T18:12:12.222379888+00:00",
      "rssi": -68,
      "snr": 15.5,
      "location": {
        "latitude": 32.18811629520134,
        "longitude": 74.18201621283973
      },
      "context": "+L/2KQ==",
      "crcStatus": "CRC_OK"
    }
  ],
  "txInfo": {
    "frequency": 923200000,
    "modulation": {
      "lora": {
        "bandwidth": 125000,
        "spreadingFactor": 8,
        "codeRate": "CR_4_5"
      }
    }
  },
  "regionConfigId": "as923"
}