{
  "deduplicationId": "699a2292-0e09-47c6-88a0-676562142815",
  "time": "2025-08-15T19:38:00.488483460+00:00",
  "deviceInfo": {
    "tenantId": "a3a0684b-09a1-4620-a9b7-40010696af65",
    "tenantName": "QDPS",
    "applicationId": "d6195947-2502-4124-9767-079a84c9fac7",
    "applicationName": "EMS",
    "deviceProfileId": "3a52cbb6-7753-4553-95e1-dd1473948853",
    "deviceProfileName": "ADW300-923",
    "deviceName": "Genset",
    "devEui": "00956906000301b6",
    "deviceClassEnabled": "CLASS_C",
    "tags": {}
  },
  "devAddr": "01db6e31",
  "adr": false,
  "dr": 4,
  "fCnt": 991,
  "fPort": 10,
  "confirmed": true,
  "data": "LQAAAAAuAAAAAC8AAAAAMAAAAAAxAAAAADIAAAArMw8IBg80AAAAtTUAAAClNgAAAKI3AAAAADgAAAAAOQAAAAA6AAAAADsAAAFGPAAAAAA9AAAAAD4AAAAAPwAAAABAAAAAAEEAAAAAQgAAAABDAAAAAEQAAAAAmw==",
  "object": {
    "data": {
      "VUB": 3.2600000000000002,
      "TempA": 0,
      "TempB": 0,
      "EPG": 0,
      "EPIc": 0,
      "IcTHD": 0,
      "IbTHD": 0,
      "CUB": 0,
      "EPEc": 0,
      "EQCc": 0,
      "IaTHD": 0,
      "UaTHD": 1.81,
      "UbTHD": 1.6500000000000001,
      "EPF": 0,
      "EPc": 0,
      "EPP": 0,
      "MDTimeStamp": "8-15 15:6",
      "UcTHD": 1.62,
      "RD": 0,
      "TempC": 0,
      "EQLc": 0,
      "MD": 0.043000000000000003,
      "IL": 0,
      "EPJ": 0
    }
  },
  "rxInfo": [
    {
      "gatewayId": "0016c001f11a04ba",
      "uplinkId": 36614,
      "nsTime": "2025-08-15T19:37:58.076044285+00:00",
      "rssi": -70,
      "snr": 13.8,
      "channel": 1,
      "location": {
        "latitude": 32.18811629520134,
        "longitude": 74.18201621283973
      },
      "context": "K3d2Hg==",
      "crcStatus": "CRC_OK"
    }
  ],
  "txInfo": {
    "frequency": 923400000,
    "modulation": {
      "lora": {
        "bandwidth": 125000,
        "spreadingFactor": 8,
        "codeRate": "CR_4_5"
      }
    }
  },
  "regionConfigId": "as923"
}