{
  "deduplicationId": "0c9b1953-fe37-4a04-84bf-5e2b94ca7491",
  "time": "2025-08-15T19:57:38.475951266+00:00",
  "deviceInfo": {
    "tenantId": "a3a0684b-09a1-4620-a9b7-40010696af65",
    "tenantName": "QDPS",
    "applicationId": "d6195947-2502-4124-9767-079a84c9fac7",
    "applicationName": "EMS",
    "deviceProfileId": "3a52cbb6-7753-4553-95e1-dd1473948853",
    "deviceProfileName": "ADW300-923",
    "deviceName": "Genset",
    "devEui": "00956906000301b6",
    "deviceClassEnabled": "CLASS_C",
    "tags": {}
  },
  "devAddr": "01db6e31",
  "adr": false,
  "dr": 4,
  "fCnt": 1029,
  "fPort": 10,
  "confirmed": true,
  "data": "LQAAAAAuAAAAAC8AAAAAMAAAAAAxAAAAADIAAAArMw8IBg80AAAAtTUAAAC1NgAAAKo3AAAAADgAAAAAOQAAAAA6AAAAADsAAAFJPAAAAAA9AAAAAD4AAAAAPwAAAABAAAAAAEEAAAAAQgAAAABDAAAAAEQAAAAA6g==",
  "object": {
    "data": {
      "IaTHD": 0,
      "UbTHD": 1.81,
      "TempC": 0,
      "EPJ": 0,
      "EPF": 0,
      "UcTHD": 1.7,
      "CUB": 0,
      "MDTimeStamp": "8-15 15:6",
      "EPc": 0,
      "IL": 0,
      "EPIc": 0,
      "EPEc": 0,
      "EQLc": 0,
      "IcTHD": 0,
      "EPG": 0,
      "RD": 0,
      "UaTHD": 1.81,
      "IbTHD": 0,
      "MD": 0.043000000000000003,
      "EPP": 0,
      "EQCc": 0,
      "TempB": 0,
      "TempA": 0,
      "VUB": 3.29
    }
  },
  "rxInfo": [
    {
      "gatewayId": "0016c001f11a04ba",
      "uplinkId": 49662,
      "nsTime": "2025-08-15T19:57:36.049965651+00:00",
      "rssi": -68,
      "snr": 15.8,
      "location": {
        "latitude": 32.18811629520134,
        "longitude": 74.18201621283973
      },
      "context": "ca3Okg==",
      "crcStatus": "CRC_OK"
    }
  ],
  "txInfo": {
    "frequency": 923200000,
    "modulation": {
      "lora": {
        "bandwidth": 125000,
        "spreadingFactor": 8,
        "codeRate": "CR_4_5"
      }
    }
  },
  "regionConfigId": "as923"
}