{
  "deduplicationId": "eae512df-cc2f-46ee-be2d-c009e345b61a",
  "time": "2025-08-15T21:04:47.507861175+00:00",
  "deviceInfo": {
    "tenantId": "a3a0684b-09a1-4620-a9b7-40010696af65",
    "tenantName": "QDPS",
    "applicationId": "d6195947-2502-4124-9767-079a84c9fac7",
    "applicationName": "EMS",
    "deviceProfileId": "3a52cbb6-7753-4553-95e1-dd1473948853",
    "deviceProfileName": "ADW300-923",
    "deviceName": "Genset",
    "devEui": "00956906000301b6",
    "deviceClassEnabled": "CLASS_C",
    "tags": {}
  },
  "devAddr": "01db6e31",
  "adr": false,
  "dr": 4,
  "fCnt": 1159,
  "fPort": 10,
  "confirmed": true,
  "data": "LQAAAAAuAAAAAC8AAAAAMAAAAAAxAAAAADIAAAArMw8IBg80AAAAwzUAAAC7NgAAAM43AAAAADgAAAAAOQAAAAA6AAAAADsAAAFFPAAAAAA9AAAAAD4AAAAAPwAAAABAAAAAAEEAAAAAQgAAAABDAAAAAEQAAAAA7Q==",
  "object": {
    "data": {
      "EPc": 0,
      "VUB": 3.25,
      "TempB": 0,
      "EPP": 0,
      "EPG": 0,
      "EQLc": 0,
      "EQCc": 0,
      "IaTHD": 0,
      "CUB": 0,
      "TempC": 0,
      "EPF": 0,
      "IcTHD": 0,
      "MDTimeStamp": "8-15 15:6",
      "EPEc": 0,
      "MD": 0.043000000000000003,
      "RD": 0,
      "EPIc": 0,
      "UaTHD": 1.95,
      "IL": 0,
      "EPJ": 0,
      "TempA": 0,
      "IbTHD": 0,
      "UbTHD": 1.87,
      "UcTHD": 2.06
    }
  },
  "rxInfo": [
    {
      "gatewayId": "0016c001f11a04ba",
      "uplinkId": 7311,
      "nsTime": "2025-08-15T21:04:44.928987313+00:00",
      "rssi": -69,
      "snr": 16,
      "channel": 1,
      "location": {
        "latitude": 32.18811629520134,
        "longitude": 74.18201621283973
      },
      "context": "YdG3TA==",
      "crcStatus": "CRC_OK"
    }
  ],
  "txInfo": {
    "frequency": 923400000,
    "modulation": {
      "lora": {
        "bandwidth": 125000,
        "spreadingFactor": 8,
        "codeRate": "CR_4_5"
      }
    }
  },
  "regionConfigId": "as923"
}