{
  "deduplicationId": "1a385934-d566-4277-a8d0-4fa2fee3652f",
  "time": "2025-08-15T18:34:58.643468206+00:00",
  "deviceInfo": {
    "tenantId": "a3a0684b-09a1-4620-a9b7-40010696af65",
    "tenantName": "QDPS",
    "applicationId": "d6195947-2502-4124-9767-079a84c9fac7",
    "applicationName": "EMS",
    "deviceProfileId": "3a52cbb6-7753-4553-95e1-dd1473948853",
    "deviceProfileName": "ADW300-923",
    "deviceName": "Genset",
    "devEui": "00956906000301b6",
    "deviceClassEnabled": "CLASS_C",
    "tags": {}
  },
  "devAddr": "01db6e31",
  "adr": false,
  "dr": 4,
  "fCnt": 869,
  "fPort": 10,
  "confirmed": true,
  "data": "LQAAAAAuAAAAAC8AAAAAMAAAAAAxAAAAADIAAAArMw8IBg80AAAAvjUAAACuNgAAAM03AAAAADgAAAAAOQAAAAA6AAAAADsAAAE+PAAAAAA9AAAAAD4AAAAAPwAAAABAAAAAAEEAAAAAQgAAAABDAAAAAEQAAAAApg==",
  "object": {
    "data": {
      "MD": 0.043000000000000003,
      "UbTHD": 1.74,
      "TempA": 0,
      "EPJ": 0,
      "RD": 0,
      "EPEc": 0,
      "EPP": 0,
      "EQLc": 0,
      "UcTHD": 2.05,
      "IcTHD": 0,
      "EPF": 0,
      "EPIc": 0,
      "MDTimeStamp": "8-15 15:6",
      "TempB": 0,
      "EPc": 0,
      "UaTHD": 1.9000000000000001,
      "TempC": 0,
      "EQCc": 0,
      "CUB": 0,
      "EPG": 0,
      "IbTHD": 0,
      "VUB": 3.18,
      "IaTHD": 0,
      "IL": 0
    }
  },
  "rxInfo": [
    {
      "gatewayId": "0016c001f11a04ba",
      "uplinkId": 50063,
      "nsTime": "2025-08-15T18:34:56.210966739+00:00",
      "rssi": -78,
      "snr": 10.5,
      "location": {
        "latitude": 32.18811629520134,
        "longitude": 74.18201621283973
      },
      "context": "Sgxbvw==",
      "crcStatus": "CRC_OK"
    }
  ],
  "txInfo": {
    "frequency": 923200000,
    "modulation": {
      "lora": {
        "bandwidth": 125000,
        "spreadingFactor": 8,
        "codeRate": "CR_4_5"
      }
    }
  },
  "regionConfigId": "as923"
}