{
  "deduplicationId": "d1c5ea48-5dea-4191-ac0b-e907c470d023",
  "time": "2025-08-15T12:00:14.393674718+00:00",
  "deviceInfo": {
    "tenantId": "a3a0684b-09a1-4620-a9b7-40010696af65",
    "tenantName": "QDPS",
    "applicationId": "d6195947-2502-4124-9767-079a84c9fac7",
    "applicationName": "EMS",
    "deviceProfileId": "3a52cbb6-7753-4553-95e1-dd1473948853",
    "deviceProfileName": "ADW300-923",
    "deviceName": "Genset",
    "devEui": "00956906000301b6",
    "deviceClassEnabled": "CLASS_C",
    "tags": {}
  },
  "devAddr": "01db6e31",
  "adr": false,
  "dr": 4,
  "fCnt": 105,
  "fPort": 10,
  "confirmed": true,
  "data": "LQAAAAAuAAAAAC8AAAAAMAAAAAAxAAAAADIAAAArMw8IBg80AAAAqzUAAACfNgAAAL03AAAAADgAAAAAOQAAAAA6AAAAADsAAAFePAAAAAA9AAAAAD4AAAAAPwAAAABAAAAAAEEAAAAAQgAAAABDAAAAAEQAAAAAmw==",
  "object": {
    "data": {
      "EPc": 0,
      "MD": 0.043000000000000003,
      "RD": 0,
      "EPJ": 0,
      "IL": 0,
      "UbTHD": 1.59,
      "TempC": 0,
      "EQLc": 0,
      "EQCc": 0,
      "EPF": 0,
      "EPP": 0,
      "CUB": 0,
      "UaTHD": 1.71,
      "EPIc": 0,
      "TempA": 0,
      "TempB": 0,
      "UcTHD": 1.8900000000000001,
      "MDTimeStamp": "8-15 15:6",
      "EPG": 0,
      "VUB": 3.5,
      "IbTHD": 0,
      "IcTHD": 0,
      "EPEc": 0,
      "IaTHD": 0
    }
  },
  "rxInfo": [
    {
      "gatewayId": "0016c001f11a04ba",
      "uplinkId": 13538,
      "nsTime": "2025-08-15T12:00:11.954747541+00:00",
      "rssi": -73,
      "snr": 1.8,
      "channel": 1,
      "location": {
        "latitude": 32.18811629520134,
        "longitude": 74.18201621283973
      },
      "context": "xlogIw==",
      "crcStatus": "CRC_OK"
    }
  ],
  "txInfo": {
    "frequency": 923400000,
    "modulation": {
      "lora": {
        "bandwidth": 125000,
        "spreadingFactor": 8,
        "codeRate": "CR_4_5"
      }
    }
  },
  "regionConfigId": "as923"
}