{
  "deduplicationId": "73fb7340-2f57-4f14-86bc-dd2444514107",
  "time": "2025-08-15T13:34:17.132717607+00:00",
  "deviceInfo": {
    "tenantId": "a3a0684b-09a1-4620-a9b7-40010696af65",
    "tenantName": "QDPS",
    "applicationId": "d6195947-2502-4124-9767-079a84c9fac7",
    "applicationName": "EMS",
    "deviceProfileId": "3a52cbb6-7753-4553-95e1-dd1473948853",
    "deviceProfileName": "ADW300-923",
    "deviceName": "Genset",
    "devEui": "00956906000301b6",
    "deviceClassEnabled": "CLASS_C",
    "tags": {}
  },
  "devAddr": "01db6e31",
  "adr": false,
  "dr": 4,
  "fCnt": 287,
  "fPort": 10,
  "confirmed": true,
  "data": "LQAAAAAuAAAAAC8AAAAAMAAAAAAxAAAAADIAAAArMw8IBg80AAAA3zUAAADQNgAAANM3AAAAADgAAAAAOQAAAAA6AAAAADsAAAFjPAAAAAA9AAAAAD4AAAAAPwAAAABAAAAAAEEAAAAAQgAAAABDAAAAAEQAAAAAmg==",
  "object": {
    "data": {
      "TempA": 0,
      "EPG": 0,
      "TempB": 0,
      "EPEc": 0,
      "CUB": 0,
      "IcTHD": 0,
      "UaTHD": 2.23,
      "EPIc": 0,
      "MDTimeStamp": "8-15 15:6",
      "IaTHD": 0,
      "VUB": 3.5500000000000003,
      "TempC": 0,
      "EPJ": 0,
      "EPF": 0,
      "EPP": 0,
      "IL": 0,
      "EQCc": 0,
      "IbTHD": 0,
      "MD": 0.043000000000000003,
      "EPc": 0,
      "EQLc": 0,
      "UcTHD": 2.11,
      "RD": 0,
      "UbTHD": 2.08
    }
  },
  "rxInfo": [
    {
      "gatewayId": "0016c001f11a04ba",
      "uplinkId": 40280,
      "nsTime": "2025-08-15T13:34:14.691123352+00:00",
      "rssi": -71,
      "snr": 13.3,
      "location": {
        "latitude": 32.18811629520134,
        "longitude": 74.18201621283973
      },
      "context": "FrELUw==",
      "crcStatus": "CRC_OK"
    }
  ],
  "txInfo": {
    "frequency": 923200000,
    "modulation": {
      "lora": {
        "bandwidth": 125000,
        "spreadingFactor": 8,
        "codeRate": "CR_4_5"
      }
    }
  },
  "regionConfigId": "as923"
}