{
  "deduplicationId": "a170a0f9-3abe-4fe6-8a56-b65af7d62fb3",
  "time": "2025-08-15T21:42:00.268231817+00:00",
  "deviceInfo": {
    "tenantId": "a3a0684b-09a1-4620-a9b7-40010696af65",
    "tenantName": "QDPS",
    "applicationId": "d6195947-2502-4124-9767-079a84c9fac7",
    "applicationName": "EMS",
    "deviceProfileId": "3a52cbb6-7753-4553-95e1-dd1473948853",
    "deviceProfileName": "ADW300-923",
    "deviceName": "Genset",
    "devEui": "00956906000301b6",
    "deviceClassEnabled": "CLASS_C",
    "tags": {}
  },
  "devAddr": "01db6e31",
  "adr": false,
  "dr": 4,
  "fCnt": 1231,
  "fPort": 10,
  "confirmed": true,
  "data": "LQAAAAAuAAAAAC8AAAAAMAAAAAAxAAAAADIAAAArMw8IBg80AAAAzjUAAADGNgAAANE3AAAAADgAAAAAOQAAAAA6AAAAADsAAAFMPAAAAAA9AAAAAD4AAAAAPwAAAABAAAAAAEEAAAAAQgAAAABDAAAAAEQAAAAAeg==",
  "object": {
    "data": {
      "IcTHD": 0,
      "TempB": 0,
      "IaTHD": 0,
      "EPIc": 0,
      "EQLc": 0,
      "EPF": 0,
      "EPEc": 0,
      "UbTHD": 1.98,
      "EQCc": 0,
      "EPc": 0,
      "EPJ": 0,
      "IbTHD": 0,
      "EPP": 0,
      "TempC": 0,
      "VUB": 3.3200000000000003,
      "IL": 0,
      "RD": 0,
      "UcTHD": 2.09,
      "CUB": 0,
      "TempA": 0,
      "UaTHD": 2.06,
      "MD": 0.043000000000000003,
      "EPG": 0,
      "MDTimeStamp": "8-15 15:6"
    }
  },
  "rxInfo": [
    {
      "gatewayId": "0016c001f11a04ba",
      "uplinkId": 44076,
      "nsTime": "2025-08-15T21:41:57.860615969+00:00",
      "rssi": -67,
      "snr": 15.3,
      "location": {
        "latitude": 32.18811629520134,
        "longitude": 74.18201621283973
      },
      "context": "5umeaQ==",
      "crcStatus": "CRC_OK"
    }
  ],
  "txInfo": {
    "frequency": 923200000,
    "modulation": {
      "lora": {
        "bandwidth": 125000,
        "spreadingFactor": 8,
        "codeRate": "CR_4_5"
      }
    }
  },
  "regionConfigId": "as923"
}