{
  "deduplicationId": "fef7f8bf-29f8-4f57-87d3-00d5df84827a",
  "time": "2025-08-15T07:53:08.219063595+00:00",
  "deviceInfo": {
    "tenantId": "a3a0684b-09a1-4620-a9b7-40010696af65",
    "tenantName": "QDPS",
    "applicationId": "d6195947-2502-4124-9767-079a84c9fac7",
    "applicationName": "EMS",
    "deviceProfileId": "3a52cbb6-7753-4553-95e1-dd1473948853",
    "deviceProfileName": "ADW300-923",
    "deviceName": "Genset",
    "devEui": "00956906000301b6",
    "deviceClassEnabled": "CLASS_C",
    "tags": {}
  },
  "devAddr": "013c7491",
  "adr": false,
  "dr": 4,
  "fCnt": 11,
  "fPort": 10,
  "confirmed": true,
  "data": "LQAAAAAuAAAAAC8AAAAAMAAAAAAxAAAAADIAAAArMw8IBg80AAAAzjUAAACzNgAAAOo3AAAAADgAAAAAOQAAAAA6AAAAADsAAAF8PAAAAAA9AAAAAD4AAAAAPwAAAABAAAAAAEEAAAAAQgAAAABDAAAAAEQAAAAAPg==",
  "object": {
    "data": {
      "IbTHD": 0,
      "EPc": 0,
      "MD": 0.043000000000000003,
      "MDTimeStamp": "8-15 15:6",
      "UcTHD": 2.34,
      "VUB": 3.8000000000000003,
      "TempA": 0,
      "UaTHD": 2.06,
      "IcTHD": 0,
      "TempB": 0,
      "EPP": 0,
      "UbTHD": 1.79,
      "RD": 0,
      "EPEc": 0,
      "EPF": 0,
      "EPG": 0,
      "TempC": 0,
      "IL": 0,
      "EPIc": 0,
      "EQCc": 0,
      "EQLc": 0,
      "IaTHD": 0,
      "CUB": 0,
      "EPJ": 0
    }
  },
  "rxInfo": [
    {
      "gatewayId": "0016c001f11a04ba",
      "uplinkId": 40676,
      "nsTime": "2025-08-15T07:53:05.774254737+00:00",
      "rssi": -70,
      "snr": 14,
      "channel": 1,
      "location": {
        "latitude": 32.18811629520134,
        "longitude": 74.18201621283973
      },
      "context": "HYs8Og==",
      "crcStatus": "CRC_OK"
    }
  ],
  "txInfo": {
    "frequency": 923400000,
    "modulation": {
      "lora": {
        "bandwidth": 125000,
        "spreadingFactor": 8,
        "codeRate": "CR_4_5"
      }
    }
  },
  "regionConfigId": "as923"
}