{
  "deduplicationId": "a8a1ce0c-75e7-44a7-8511-bf2211df3a6b",
  "time": "2025-08-15T19:27:40.643734758+00:00",
  "deviceInfo": {
    "tenantId": "a3a0684b-09a1-4620-a9b7-40010696af65",
    "tenantName": "QDPS",
    "applicationId": "d6195947-2502-4124-9767-079a84c9fac7",
    "applicationName": "EMS",
    "deviceProfileId": "3a52cbb6-7753-4553-95e1-dd1473948853",
    "deviceProfileName": "ADW300-923",
    "deviceName": "Genset",
    "devEui": "00956906000301b6",
    "deviceClassEnabled": "CLASS_C",
    "tags": {}
  },
  "devAddr": "01db6e31",
  "adr": false,
  "dr": 4,
  "fCnt": 971,
  "fPort": 10,
  "confirmed": true,
  "data": "LQAAAAAuAAAAAC8AAAAAMAAAAAAxAAAAADIAAAArMw8IBg80AAAApTUAAACxNgAAALM3AAAAADgAAAAAOQAAAAA6AAAAADsAAAFKPAAAAAA9AAAAAD4AAAAAPwAAAABAAAAAAEEAAAAAQgAAAABDAAAAAEQAAAAAng==",
  "object": {
    "data": {
      "EPP": 0,
      "EPG": 0,
      "UbTHD": 1.77,
      "VUB": 3.3000000000000003,
      "IL": 0,
      "UcTHD": 1.79,
      "EQCc": 0,
      "EQLc": 0,
      "TempC": 0,
      "EPEc": 0,
      "IaTHD": 0,
      "TempB": 0,
      "MD": 0.043000000000000003,
      "IcTHD": 0,
      "CUB": 0,
      "UaTHD": 1.6500000000000001,
      "EPF": 0,
      "EPc": 0,
      "MDTimeStamp": "8-15 15:6",
      "TempA": 0,
      "EPIc": 0,
      "IbTHD": 0,
      "EPJ": 0,
      "RD": 0
    }
  },
  "rxInfo": [
    {
      "gatewayId": "0016c001f11a04ba",
      "uplinkId": 19134,
      "nsTime": "2025-08-15T19:27:38.098123641+00:00",
      "rssi": -70,
      "snr": 15.3,
      "channel": 1,
      "location": {
        "latitude": 32.18811629520134,
        "longitude": 74.18201621283973
      },
      "context": "BoNI4Q==",
      "crcStatus": "CRC_OK"
    }
  ],
  "txInfo": {
    "frequency": 923400000,
    "modulation": {
      "lora": {
        "bandwidth": 125000,
        "spreadingFactor": 8,
        "codeRate": "CR_4_5"
      }
    }
  },
  "regionConfigId": "as923"
}