{
  "deduplicationId": "f27861c8-4abd-43b3-bf08-346ea399f385",
  "time": "2025-08-15T22:50:12.275130029+00:00",
  "deviceInfo": {
    "tenantId": "a3a0684b-09a1-4620-a9b7-40010696af65",
    "tenantName": "QDPS",
    "applicationId": "d6195947-2502-4124-9767-079a84c9fac7",
    "applicationName": "EMS",
    "deviceProfileId": "3a52cbb6-7753-4553-95e1-dd1473948853",
    "deviceProfileName": "ADW300-923",
    "deviceName": "Genset",
    "devEui": "00956906000301b6",
    "deviceClassEnabled": "CLASS_C",
    "tags": {}
  },
  "devAddr": "01db6e31",
  "adr": false,
  "dr": 4,
  "fCnt": 1363,
  "fPort": 10,
  "confirmed": true,
  "data": "LQAAAAAuAAAAAC8AAAAAMAAAAAAxAAAAADIAAAArMw8IBg80AAAA9zUAAAC/NgAAAO43AAAAADgAAAAAOQAAAAA6AAAAADsAAAFGPAAAAAA9AAAAAD4AAAAAPwAAAABAAAAAAEEAAAAAQgAAAABDAAAAAEQAAAAABA==",
  "object": {
    "data": {
      "VUB": 3.2600000000000002,
      "EPJ": 0,
      "TempB": 0,
      "EPF": 0,
      "MD": 0.043000000000000003,
      "MDTimeStamp": "8-15 15:6",
      "TempC": 0,
      "IaTHD": 0,
      "UaTHD": 2.47,
      "IbTHD": 0,
      "EPIc": 0,
      "EQCc": 0,
      "RD": 0,
      "EQLc": 0,
      "CUB": 0,
      "TempA": 0,
      "EPc": 0,
      "UbTHD": 1.9100000000000001,
      "UcTHD": 2.38,
      "EPG": 0,
      "IcTHD": 0,
      "EPEc": 0,
      "EPP": 0,
      "IL": 0
    }
  },
  "rxInfo": [
    {
      "gatewayId": "0016c001f11a04ba",
      "uplinkId": 29836,
      "nsTime": "2025-08-15T22:50:09.743314813+00:00",
      "rssi": -68,
      "snr": 15.3,
      "location": {
        "latitude": 32.18811629520134,
        "longitude": 74.18201621283973
      },
      "context": "2s7LFQ==",
      "crcStatus": "CRC_OK"
    }
  ],
  "txInfo": {
    "frequency": 923200000,
    "modulation": {
      "lora": {
        "bandwidth": 125000,
        "spreadingFactor": 8,
        "codeRate": "CR_4_5"
      }
    }
  },
  "regionConfigId": "as923"
}