{
  "deduplicationId": "ad9e6b8f-9607-4da6-be5e-b5b1c2a8d8ae",
  "time": "2025-08-15T21:20:17.518099186+00:00",
  "deviceInfo": {
    "tenantId": "a3a0684b-09a1-4620-a9b7-40010696af65",
    "tenantName": "QDPS",
    "applicationId": "d6195947-2502-4124-9767-079a84c9fac7",
    "applicationName": "EMS",
    "deviceProfileId": "3a52cbb6-7753-4553-95e1-dd1473948853",
    "deviceProfileName": "ADW300-923",
    "deviceName": "Genset",
    "devEui": "00956906000301b6",
    "deviceClassEnabled": "CLASS_C",
    "tags": {}
  },
  "devAddr": "01db6e31",
  "adr": false,
  "dr": 4,
  "fCnt": 1189,
  "fPort": 10,
  "confirmed": true,
  "data": "LQAAAAAuAAAAAC8AAAAAMAAAAAAxAAAAADIAAAArMw8IBg80AAAA0zUAAADCNgAAANE3AAAAADgAAAAAOQAAAAA6AAAAADsAAAFEPAAAAAA9AAAAAD4AAAAAPwAAAABAAAAAAEEAAAAAQgAAAABDAAAAAEQAAAAAWA==",
  "object": {
    "data": {
      "EPJ": 0,
      "TempC": 0,
      "IcTHD": 0,
      "EPG": 0,
      "MD": 0.043000000000000003,
      "TempB": 0,
      "EQLc": 0,
      "EPEc": 0,
      "EPc": 0,
      "EPF": 0,
      "UaTHD": 2.11,
      "UbTHD": 1.94,
      "IaTHD": 0,
      "MDTimeStamp": "8-15 15:6",
      "RD": 0,
      "EPP": 0,
      "IL": 0,
      "VUB": 3.24,
      "EQCc": 0,
      "EPIc": 0,
      "IbTHD": 0,
      "CUB": 0,
      "TempA": 0,
      "UcTHD": 2.09
    }
  },
  "rxInfo": [
    {
      "gatewayId": "0016c001f11a04ba",
      "uplinkId": 47425,
      "nsTime": "2025-08-15T21:20:14.895974126+00:00",
      "rssi": -68,
      "snr": 15,
      "channel": 1,
      "location": {
        "latitude": 32.18811629520134,
        "longitude": 74.18201621283973
      },
      "context": "mT/7hg==",
      "crcStatus": "CRC_OK"
    }
  ],
  "txInfo": {
    "frequency": 923400000,
    "modulation": {
      "lora": {
        "bandwidth": 125000,
        "spreadingFactor": 8,
        "codeRate": "CR_4_5"
      }
    }
  },
  "regionConfigId": "as923"
}