{
  "deduplicationId": "317564f4-ad0b-4d99-8572-a763a6965e9b",
  "time": "2025-08-15T20:24:30.381667139+00:00",
  "deviceInfo": {
    "tenantId": "a3a0684b-09a1-4620-a9b7-40010696af65",
    "tenantName": "QDPS",
    "applicationId": "d6195947-2502-4124-9767-079a84c9fac7",
    "applicationName": "EMS",
    "deviceProfileId": "3a52cbb6-7753-4553-95e1-dd1473948853",
    "deviceProfileName": "ADW300-923",
    "deviceName": "Genset",
    "devEui": "00956906000301b6",
    "deviceClassEnabled": "CLASS_C",
    "tags": {}
  },
  "devAddr": "01db6e31",
  "adr": false,
  "dr": 4,
  "fCnt": 1081,
  "fPort": 10,
  "confirmed": true,
  "data": "LQAAAAAuAAAAAC8AAAAAMAAAAAAxAAAAADIAAAArMw8IBg80AAAArjUAAADTNgAAAM03AAAAADgAAAAAOQAAAAA6AAAAADsAAAFBPAAAAAA9AAAAAD4AAAAAPwAAAABAAAAAAEEAAAAAQgAAAABDAAAAAEQAAAAAJA==",
  "object": {
    "data": {
      "IL": 0,
      "MDTimeStamp": "8-15 15:6",
      "EPIc": 0,
      "IbTHD": 0,
      "EPF": 0,
      "UaTHD": 1.74,
      "UcTHD": 2.05,
      "EPP": 0,
      "EQLc": 0,
      "EPc": 0,
      "RD": 0,
      "EPEc": 0,
      "TempB": 0,
      "IcTHD": 0,
      "TempC": 0,
      "UbTHD": 2.11,
      "VUB": 3.21,
      "IaTHD": 0,
      "TempA": 0,
      "EQCc": 0,
      "CUB": 0,
      "EPJ": 0,
      "MD": 0.043000000000000003,
      "EPG": 0
    }
  },
  "rxInfo": [
    {
      "gatewayId": "0016c001f11a04ba",
      "uplinkId": 43847,
      "nsTime": "2025-08-15T20:24:27.994887108+00:00",
      "rssi": -68,
      "snr": 15.5,
      "location": {
        "latitude": 32.18811629520134,
        "longitude": 74.18201621283973
      },
      "context": "0cJFUw==",
      "crcStatus": "CRC_OK"
    }
  ],
  "txInfo": {
    "frequency": 923200000,
    "modulation": {
      "lora": {
        "bandwidth": 125000,
        "spreadingFactor": 8,
        "codeRate": "CR_4_5"
      }
    }
  },
  "regionConfigId": "as923"
}