{
  "deduplicationId": "84a8e2d3-fb22-4a14-826d-37ea6025a35e",
  "time": "2025-08-15T12:05:24.297377339+00:00",
  "deviceInfo": {
    "tenantId": "a3a0684b-09a1-4620-a9b7-40010696af65",
    "tenantName": "QDPS",
    "applicationId": "d6195947-2502-4124-9767-079a84c9fac7",
    "applicationName": "EMS",
    "deviceProfileId": "3a52cbb6-7753-4553-95e1-dd1473948853",
    "deviceProfileName": "ADW300-923",
    "deviceName": "Genset",
    "devEui": "00956906000301b6",
    "deviceClassEnabled": "CLASS_C",
    "tags": {}
  },
  "devAddr": "01db6e31",
  "adr": false,
  "dr": 4,
  "fCnt": 115,
  "fPort": 10,
  "confirmed": true,
  "data": "LQAAAAAuAAAAAC8AAAAAMAAAAAAxAAAAADIAAAArMw8IBg80AAAArzUAAACsNgAAAK03AAAAADgAAAAAOQAAAAA6AAAAADsAAAFWPAAAAAA9AAAAAD4AAAAAPwAAAABAAAAAAEEAAAAAQgAAAABDAAAAAEQAAAAAfA==",
  "object": {
    "data": {
      "MDTimeStamp": "8-15 15:6",
      "IL": 0,
      "EQLc": 0,
      "EPIc": 0,
      "IcTHD": 0,
      "EQCc": 0,
      "RD": 0,
      "IbTHD": 0,
      "IaTHD": 0,
      "TempA": 0,
      "EPP": 0,
      "EPc": 0,
      "EPEc": 0,
      "MD": 0.043000000000000003,
      "UaTHD": 1.75,
      "UcTHD": 1.73,
      "CUB": 0,
      "TempC": 0,
      "EPJ": 0,
      "UbTHD": 1.72,
      "TempB": 0,
      "VUB": 3.42,
      "EPF": 0,
      "EPG": 0
    }
  },
  "rxInfo": [
    {
      "gatewayId": "0016c001f11a04ba",
      "uplinkId": 46892,
      "nsTime": "2025-08-15T12:05:21.852283606+00:00",
      "rssi": -75,
      "snr": -2.3,
      "channel": 1,
      "location": {
        "latitude": 32.18811629520134,
        "longitude": 74.18201621283973
      },
      "context": "2NQ2hA==",
      "crcStatus": "CRC_OK"
    }
  ],
  "txInfo": {
    "frequency": 923400000,
    "modulation": {
      "lora": {
        "bandwidth": 125000,
        "spreadingFactor": 8,
        "codeRate": "CR_4_5"
      }
    }
  },
  "regionConfigId": "as923"
}