{
  "deduplicationId": "b0da3ba2-0fc4-4c78-9911-ca23e0c4af72",
  "time": "2025-08-15T15:34:08.906861691+00:00",
  "deviceInfo": {
    "tenantId": "a3a0684b-09a1-4620-a9b7-40010696af65",
    "tenantName": "QDPS",
    "applicationId": "d6195947-2502-4124-9767-079a84c9fac7",
    "applicationName": "EMS",
    "deviceProfileId": "3a52cbb6-7753-4553-95e1-dd1473948853",
    "deviceProfileName": "ADW300-923",
    "deviceName": "Genset",
    "devEui": "00956906000301b6",
    "deviceClassEnabled": "CLASS_C",
    "tags": {}
  },
  "devAddr": "01db6e31",
  "adr": false,
  "dr": 4,
  "fCnt": 519,
  "fPort": 10,
  "confirmed": true,
  "data": "LQAAAAAuAAAAAC8AAAAAMAAAAAAxAAAAADIAAAArMw8IBg80AAAA+jUAAADuNgAAAPY3AAAAADgAAAAAOQAAAAA6AAAAADsAAAFLPAAAAAA9AAAAAD4AAAAAPwAAAABAAAAAAEEAAAAAQgAAAABDAAAAAEQAAAAAOQ==",
  "object": {
    "data": {
      "MD": 0.043000000000000003,
      "EQLc": 0,
      "RD": 0,
      "CUB": 0,
      "MDTimeStamp": "8-15 15:6",
      "TempA": 0,
      "EPJ": 0,
      "TempB": 0,
      "IL": 0,
      "UbTHD": 2.38,
      "EQCc": 0,
      "UcTHD": 2.46,
      "VUB": 3.31,
      "UaTHD": 2.5,
      "EPF": 0,
      "TempC": 0,
      "EPIc": 0,
      "EPEc": 0,
      "IaTHD": 0,
      "IbTHD": 0,
      "IcTHD": 0,
      "EPG": 0,
      "EPP": 0,
      "EPc": 0
    }
  },
  "rxInfo": [
    {
      "gatewayId": "0016c001f11a04ba",
      "uplinkId": 43884,
      "nsTime": "2025-08-15T15:34:06.491931327+00:00",
      "rssi": -70,
      "snr": 13.3,
      "channel": 1,
      "location": {
        "latitude": 32.18811629520134,
        "longitude": 74.18201621283973
      },
      "context": "w1sr4A==",
      "crcStatus": "CRC_OK"
    }
  ],
  "txInfo": {
    "frequency": 923400000,
    "modulation": {
      "lora": {
        "bandwidth": 125000,
        "spreadingFactor": 8,
        "codeRate": "CR_4_5"
      }
    }
  },
  "regionConfigId": "as923"
}