{
  "deduplicationId": "1787b80c-edca-42f9-9505-9887806e7efb",
  "time": "2025-08-15T21:00:39.349173521+00:00",
  "deviceInfo": {
    "tenantId": "a3a0684b-09a1-4620-a9b7-40010696af65",
    "tenantName": "QDPS",
    "applicationId": "d6195947-2502-4124-9767-079a84c9fac7",
    "applicationName": "EMS",
    "deviceProfileId": "3a52cbb6-7753-4553-95e1-dd1473948853",
    "deviceProfileName": "ADW300-923",
    "deviceName": "Genset",
    "devEui": "00956906000301b6",
    "deviceClassEnabled": "CLASS_C",
    "tags": {}
  },
  "devAddr": "01db6e31",
  "adr": false,
  "dr": 4,
  "fCnt": 1151,
  "fPort": 10,
  "confirmed": true,
  "data": "LQAAAAAuAAAAAC8AAAAAMAAAAAAxAAAAADIAAAArMw8IBg80AAAAyzUAAAC/NgAAAMk3AAAAADgAAAAAOQAAAAA6AAAAADsAAAE9PAAAAAA9AAAAAD4AAAAAPwAAAABAAAAAAEEAAAAAQgAAAABDAAAAAEQAAAAAEw==",
  "object": {
    "data": {
      "UcTHD": 2.0100000000000002,
      "IaTHD": 0,
      "MD": 0.043000000000000003,
      "EPEc": 0,
      "MDTimeStamp": "8-15 15:6",
      "VUB": 3.17,
      "TempA": 0,
      "TempB": 0,
      "EPP": 0,
      "UaTHD": 2.0300000000000002,
      "CUB": 0,
      "TempC": 0,
      "EPc": 0,
      "EPIc": 0,
      "IbTHD": 0,
      "EPF": 0,
      "IcTHD": 0,
      "EPG": 0,
      "EQCc": 0,
      "UbTHD": 1.9100000000000001,
      "IL": 0,
      "RD": 0,
      "EPJ": 0,
      "EQLc": 0
    }
  },
  "rxInfo": [
    {
      "gatewayId": "0016c001f11a04ba",
      "uplinkId": 3430,
      "nsTime": "2025-08-15T21:00:36.930300693+00:00",
      "rssi": -69,
      "snr": 14.5,
      "location": {
        "latitude": 32.18811629520134,
        "longitude": 74.18201621283973
      },
      "context": "Uwmk6Q==",
      "crcStatus": "CRC_OK"
    }
  ],
  "txInfo": {
    "frequency": 923200000,
    "modulation": {
      "lora": {
        "bandwidth": 125000,
        "spreadingFactor": 8,
        "codeRate": "CR_4_5"
      }
    }
  },
  "regionConfigId": "as923"
}